labels,distance,epistasis
"339,371",14.71276951,-0.041240501
"339,373",15.24639511,-0.091723457
"339,375",17.11375999,-0.115879156
"339,417",29.2143631,0.022633372
"339,440",19.25639915,-0.032937697
"339,446",29.60562897,0.029000818
"339,477",48.54571915,-0.046173905
"339,478",48.72249222,0.014665338
"339,484",41.00550842,0.009623206
"339,493",29.49196625,0.018419338
"339,496",26.89663506,0.01506811
"339,498",26.45833015,-0.032663358
"339,501",28.40107346,-0.0642244
"339,505",23.14747238,0.010649457
"371,373",5.418894768,-0.080856072
"371,375",5.098836422,0.055067303
"371,417",27.76259995,-0.087308618
"371,440",16.20565224,0.014951488
"371,446",29.38181496,-0.024013453
"371,477",50.32169342,-0.012798738
"371,478",51.31985474,-0.053617121
"371,484",44.20455933,0.056442997
"371,493",31.01187134,-0.091258601
"371,496",26.49525833,0.023208185
"371,498",23.79606056,-0.036912529
"371,501",22.68699074,-0.010097084
"371,505",18.35458946,-0.000905176
"373,375",5.769694805,0.065005731
"373,417",25.57831383,-0.022608144
"373,440",10.87724209,-0.023009398
"373,446",24.11540413,-0.015931836
"373,477",47.72994614,0.012823327
"373,478",48.50849533,-0.020186703
"373,484",40.65114975,-0.085465657
"373,493",27.35069656,-0.003712167
"373,496",21.78924179,-0.002060336
"373,498",18.58917236,0.047523217
"373,501",17.77438545,0.03441882
"373,505",13.74269581,0.014355625
"375,417",23.43878365,-0.021526658
"375,440",15.40041542,-0.037470075
"375,446",27.4274292,-0.050197378
"375,477",46.24969864,0.034929362
"375,478",47.44451904,-0.030549154
"375,484",40.7894783,0.102313393
"375,493",27.593647,-0.074863291
"375,496",23.57136345,0.049205101
"375,498",21.26914978,0.047500826
"375,501",19.40217209,-0.003433514
"375,505",14.91890144,0.069071659
"417,440",24.77575874,-0.006941136
"417,446",24.92611313,-0.251983849
"417,477",22.94563293,0.251043823
"417,478",24.53817177,-0.022165276
"417,484",20.66615677,0.125331625
"417,493",11.27360058,-0.126858185
"417,496",16.65368271,-0.08121231
"417,498",20.81311607,-0.104246963
"417,501",19.9883976,0.235269838
"417,505",16.57842255,-0.022334172
"440,446",13.77691364,-0.090858731
"440,477",44.18606567,-0.109122894
"440,478",44.28881073,-0.082872068
"440,484",34.71780014,0.002917294
"440,493",22.08955002,0.001243389
"440,496",14.02489471,0.094926016
"440,498",9.590069771,-0.061530204
"440,501",11.46642303,-0.05747972
"440,505",9.390335083,0.070232267
"446,477",37.84167099,0.108336732
"446,478",37.14000702,0.043493216
"446,484",26.22323608,0.245133173
"446,493",17.00452614,0.042984509
"446,496",8.295763016,-0.038177692
"446,498",6.851452351,-0.237964587
"446,501",12.06666374,0.096439316
"446,505",13.98626995,-0.126014259
"477,478",3.818455696,0.041966128
"477,484",13.86823368,-0.079479277
"477,493",22.3679924,0.064099714
"477,496",31.35332298,0.29308421
"477,498",37.33686829,0.023515982
"477,501",37.94744492,-0.121906837
"477,505",36.65751648,0.230102314
"478,484",11.77592754,0.095697813
"478,493",22.21575356,-0.052400625
"478,496",31.14947701,-0.03659305
"478,498",37.30724716,0.013908919
"478,501",38.46060562,0.047478492
"478,505",37.27365494,0.005509216
"484,493",13.34774876,-0.173173224
"484,496",21.23837852,0.031494616
"484,498",27.50411797,0.097779244
"484,501",29.82390404,0.015106572
"484,505",28.96690941,0.07010071
"493,496",9.610672951,0.037280553
"493,498",15.88568115,0.084276581
"493,501",17.96284485,0.296833604
"493,505",15.92967606,-0.116220071
"496,498",6.448214054,0.517076082
"496,501",10.07616806,0.76366389
"496,505",9.493455887,0.098516526
"498,501",5.799447536,0.425168795
"498,505",7.34956646,0.514361855
"501,505",5.971085072,0.657051328