,number_mutation,mean,color,trajectory
0,0,9.088555818020378,0,0
1,1,9.76316181422472,0,0
2,2,9.59096461255899,0,0
3,3,9.520620025015997,0,0
4,4,9.415975403757908,0,0
5,5,9.406149671974037,0,0
0,0,9.28192379921693,0,1
1,1,9.320021041498494,0,1
2,2,9.438913969100465,0,1
3,3,9.408351923038374,0,1
4,4,9.225230466943978,0,1
5,5,9.380866829755481,0,1
0,0,9.096883773807807,0,2
1,1,9.617592036487544,0,2
2,2,9.655025739801005,0,2
3,3,9.6073669224102,0,2
4,4,9.544337904126994,0,2
5,5,9.429310749933366,0,2
0,0,9.24202613068814,0,3
1,1,9.47179500022725,0,3
2,2,9.227918217830297,0,3
3,3,9.494810026993063,0,3
4,4,9.472682058098806,0,3
5,5,9.478874391830969,0,3
0,0,9.413440936636135,0,4
1,1,9.958179688521804,0,4
2,2,9.94638402982518,0,4
3,3,9.745160035721533,0,4
4,4,9.642410221255355,0,4
5,5,9.478874391830969,0,4
0,0,9.048678476121314,0,5
1,1,9.61725568692797,0,5
2,2,9.57477278558824,0,5
3,3,9.487302164286142,0,5
4,4,9.461353851151411,0,5
5,5,9.478874391830969,0,5
0,0,9.318266975072904,0,6
1,1,9.602435015297972,0,6
2,2,9.412076571871932,0,6
3,3,9.485928981199224,0,6
4,4,9.50143557630892,0,6
5,5,9.40762749922805,0,6
0,0,9.342513244160237,0,7
1,1,9.767368145115517,0,7
2,2,9.800809286253063,0,7
3,3,9.781566605176316,0,7
4,4,9.600119191540804,0,7
5,5,9.478874391830969,0,7
0,0,9.308783208956397,0,8
1,1,9.369457033093576,0,8
2,2,9.204854529985328,0,8
3,3,9.26473085030548,0,8
4,4,9.286250766620585,0,8
5,5,9.3246954860846,0,8
0,0,9.266625770847497,0,9
1,1,9.455572588282413,0,9
2,2,9.585692593072254,0,9
3,3,9.51483349767912,0,9
4,4,9.517928035459263,0,9
5,5,9.478874391830969,0,9
0,0,9.035954210526459,0,10
1,1,9.735273729412146,0,10
2,2,9.815282309915672,0,10
3,3,9.664414364140201,0,10
4,4,9.581553926489349,0,10
5,5,9.478874391830969,0,10
0,0,9.351850724102814,0,11
1,1,9.68180715603016,0,11
2,2,9.758529554177613,0,11
3,3,9.643877153997643,0,11
4,4,9.299994942660984,0,11
5,5,9.478874391830969,0,11
0,0,9.207619106316526,0,12
1,1,9.436072479364755,0,12
2,2,9.389635174448628,0,12
3,3,9.424435492821594,0,12
4,4,9.449919280018875,0,12
5,5,9.478874391830969,0,12
0,0,8.864011588770222,0,13
1,1,9.444529337199558,0,13
2,2,9.454009040818107,0,13
3,3,9.079092032470877,0,13
4,4,9.22163159880928,0,13
5,5,9.478874391830969,0,13
0,0,8.985871986242211,0,14
1,1,9.520091286910255,0,14
2,2,9.387462493645831,0,14
3,3,9.113726028412518,0,14
4,4,9.301856688634514,0,14
5,5,9.444586953679437,0,14
0,0,9.49074857137291,0,15
1,1,9.7433916801532,0,15
2,2,9.81304391401111,0,15
3,3,9.60095081600298,0,15
4,4,9.299994942660984,0,15
5,5,9.478874391830969,0,15
0,0,9.04598523058002,0,16
1,1,9.683437826832819,0,16
2,2,9.654073202351215,0,16
3,3,9.621403158556594,0,16
4,4,9.581553926489349,0,16
5,5,9.478874391830969,0,16
0,0,9.318501542952017,0,17
1,1,9.305980901232278,0,17
2,2,9.293287475094216,0,17
3,3,9.496189060699423,0,17
4,4,9.419172476428741,0,17
5,5,9.444586953679437,0,17
0,0,8.94888108218665,0,18
1,1,9.1514303530033,0,18
2,2,8.856878877073044,0,18
3,3,8.877926947666902,0,18
4,4,9.305409046198294,0,18
5,5,9.380203531982488,0,18
0,0,9.391219053709522,0,19
1,1,9.511925563538306,0,19
2,2,9.49175461828234,0,19
3,3,9.337102756570355,0,19
4,4,9.411168217968601,0,19
5,5,9.43311984174156,0,19
0,0,9.397259673766948,0,20
1,1,9.686753241437321,0,20
2,2,9.440567358676631,0,20
3,3,9.527294978525829,0,20
4,4,9.517928035459263,0,20
5,5,9.478874391830969,0,20
0,0,9.350130519664367,0,21
1,1,9.64303589794743,0,21
2,2,9.79766130024016,0,21
3,3,9.490917349246793,0,21
4,4,9.442141743196661,0,21
5,5,9.36772733106052,0,21
0,0,9.230893481098757,0,22
1,1,9.47106119853777,0,22
2,2,9.45555440876804,0,22
3,3,9.360327761156736,0,22
4,4,9.352732049531774,0,22
5,5,9.384965796045025,0,22
0,0,9.253005983381383,0,23
1,1,9.534651239613785,0,23
2,2,9.473537042983246,0,23
3,3,9.410802647522814,0,23
4,4,9.449919280018875,0,23
5,5,9.478874391830969,0,23
0,0,9.151850321105309,0,24
1,1,9.079467214524218,0,24
2,2,9.440187170484137,0,24
3,3,9.673216679787165,0,24
4,4,9.606392374917467,0,24
5,5,9.473285709729797,0,24
0,0,9.116048309256975,0,25
1,1,9.049611820595947,0,25
2,2,8.764601789088136,0,25
3,3,9.245217151920649,0,25
4,4,9.203856922378574,0,25
5,5,9.322817996046838,0,25
0,0,9.35833185775617,0,26
1,1,9.64567402600242,0,26
2,2,9.576256854441477,0,26
3,3,9.59145977573311,0,26
4,4,9.477027749286698,0,26
5,5,9.478874391830969,0,26
0,0,9.31745457842699,0,27
1,1,9.36269148612859,0,27
2,2,9.364671453923902,0,27
3,3,9.478844419823886,0,27
4,4,9.567550074873973,0,27
5,5,9.407109045906028,0,27
0,0,9.306595542468907,0,28
1,1,9.614010757869602,0,28
2,2,9.629601671675992,0,28
3,3,9.387831994125293,0,28
4,4,9.320266772346438,0,28
5,5,9.380419675117176,0,28
0,0,9.309194930083901,0,29
1,1,9.738024114953811,0,29
2,2,9.50911269581617,0,29
3,3,9.090674824042068,0,29
4,4,9.346416544592673,0,29
5,5,9.413999020392529,0,29
0,0,9.292345234027607,0,30
1,1,9.609790301984988,0,30
2,2,9.276148370247487,0,30
3,3,9.67737128102359,0,30
4,4,9.538888986213387,0,30
5,5,9.43311984174156,0,30
0,0,9.291973967241848,0,31
1,1,9.447963846229415,0,31
2,2,9.32053568614332,0,31
3,3,9.297059275754611,0,31
4,4,9.39308921810129,0,31
5,5,9.417874888550088,0,31
0,0,9.374202200248817,0,32
1,1,9.544040267731672,0,32
2,2,9.278645276442703,0,32
3,3,9.3416129988812,0,32
4,4,9.24146699030796,0,32
5,5,9.397394077283407,0,32
0,0,9.273584100954867,0,33
1,1,9.29572136856587,0,33
2,2,9.070825975296502,0,33
3,3,9.082635556390231,0,33
4,4,9.22163159880928,0,33
5,5,9.478874391830969,0,33
0,0,9.239427475082836,0,34
1,1,9.632529936722856,0,34
2,2,9.637958850840086,0,34
3,3,9.511669344089867,0,34
4,4,9.396733072348498,0,34
5,5,9.578973909114797,0,34
0,0,9.230893481098757,0,35
1,1,9.504427633767596,0,35
2,2,9.501532018092583,0,35
3,3,9.52449110353052,0,35
4,4,9.47191060543247,0,35
5,5,9.478874391830969,0,35
0,0,9.274984194835138,0,36
1,1,9.446767557108078,0,36
2,2,9.450234459406643,0,36
3,3,9.46150334354287,0,36
4,4,9.517928035459263,0,36
5,5,9.478874391830969,0,36
0,0,9.36849024840038,0,37
1,1,9.6420227037038,0,37
2,2,9.283261645448325,0,37
3,3,9.057599803215451,0,37
4,4,9.502355973973607,0,37
5,5,9.441868987007986,0,37
0,0,9.275825791779631,0,38
1,1,9.549534991312576,0,38
2,2,9.534959304406119,0,38
3,3,9.566902997990589,0,38
4,4,9.449919280018875,0,38
5,5,9.478874391830969,0,38
0,0,9.465436140115854,0,39
1,1,9.697508512065491,0,39
2,2,9.636192752035925,0,39
3,3,9.533318997661462,0,39
4,4,9.682999978251823,0,39
5,5,9.580082109819086,0,39
0,0,8.765054571284557,0,40
1,1,9.45091771769448,0,40
2,2,9.465249531632931,0,40
3,3,9.48850782340515,0,40
4,4,9.449919280018875,0,40
5,5,9.478874391830969,0,40
0,0,9.15400961624373,0,41
1,1,9.576643253437192,0,41
2,2,9.641526177144637,0,41
3,3,9.594363325906855,0,41
4,4,9.329717987858421,0,41
5,5,9.358264136979113,0,41
0,0,9.168633985521145,0,42
1,1,9.635995392168448,0,42
2,2,9.46718579530866,0,42
3,3,9.455029627055962,0,42
4,4,9.45600666313132,0,42
5,5,9.417874888550088,0,42
0,0,9.38166470598637,0,43
1,1,9.281766520315852,0,43
2,2,8.983917464560717,0,43
3,3,9.186295424352425,0,43
4,4,9.56397148518173,0,43
5,5,9.445992433108986,0,43
0,0,9.1520985197535,0,44
1,1,9.552849468061213,0,44
2,2,9.516153776330079,0,44
3,3,9.430467233614939,0,44
4,4,9.449919280018875,0,44
5,5,9.478874391830969,0,44
0,0,9.300049688664478,0,45
1,1,9.606553888012847,0,45
2,2,9.594683534773075,0,45
3,3,9.610276812189259,0,45
4,4,9.475767593789328,0,45
5,5,9.324558306003299,0,45
0,0,9.126750857823499,0,46
1,1,9.560858950585875,0,46
2,2,9.398187712242342,0,46
3,3,9.413199794806284,0,46
4,4,9.411042661728583,0,46
5,5,9.478874391830969,0,46
0,0,9.317280793206029,0,47
1,1,9.417769714027107,0,47
2,2,9.415255867190574,0,47
3,3,9.553535335028224,0,47
4,4,9.517928035459263,0,47
5,5,9.478874391830969,0,47
0,0,9.181710856189275,0,48
1,1,9.38748010604344,0,48
2,2,9.35956641621706,0,48
3,3,9.359333665706101,0,48
4,4,9.366318828916203,0,48
5,5,9.444586953679437,0,48
0,0,9.266625770847497,0,49
1,1,9.529896974179689,0,49
2,2,9.508679377152742,0,49
3,3,9.4042924989261,0,49
4,4,9.040966354673333,0,49
5,5,9.387321899457868,0,49
0,0,9.242852757176815,0,50
1,1,9.598494614937263,0,50
2,2,9.30280778145657,0,50
3,3,9.6183056526084,0,50
4,4,9.581553926489349,0,50
5,5,9.478874391830969,0,50
0,0,9.144908622669123,0,51
1,1,9.396426277041531,0,51
2,2,9.418516350164325,0,51
3,3,9.464923967191332,0,51
4,4,9.22163159880928,0,51
5,5,9.478874391830969,0,51
0,0,9.242701574889889,0,52
1,1,9.745542320800144,0,52
2,2,9.750165817979685,0,52
3,3,9.781566605176316,0,52
4,4,9.713424516808798,0,52
5,5,9.578973909114797,0,52
0,0,9.226867627530234,0,53
1,1,9.457454350563523,0,53
2,2,9.09307989176904,0,53
3,3,9.260890454233026,0,53
4,4,9.020752224797414,0,53
5,5,9.371189750247,0,53
0,0,9.362770359742655,0,54
1,1,9.630395056281287,0,54
2,2,9.551692419963286,0,54
3,3,9.61896588186155,0,54
4,4,9.581553926489349,0,54
5,5,9.478874391830969,0,54
0,0,8.633821857671405,0,55
1,1,9.271150838368976,0,55
2,2,9.058031698410952,0,55
3,3,9.58371583262402,0,55
4,4,9.572050258153302,0,55
5,5,9.473285709729797,0,55
0,0,9.388070707975412,0,56
1,1,9.77448586289614,0,56
2,2,9.714534168680087,0,56
3,3,9.514503845435684,0,56
4,4,9.517928035459263,0,56
5,5,9.478874391830969,0,56
0,0,9.269790800209794,0,57
1,1,9.774254688204241,0,57
2,2,9.83441274773748,0,57
3,3,9.766325725208244,0,57
4,4,9.690650820031529,0,57
5,5,9.485021566151516,0,57
0,0,9.210457053871568,0,58
1,1,9.523742600252124,0,58
2,2,9.465526775601198,0,58
3,3,9.486365182899604,0,58
4,4,9.45129681544812,0,58
5,5,9.352509006264906,0,58
0,0,9.378510483730025,0,59
1,1,9.623412449654996,0,59
2,2,9.58166688039382,0,59
3,3,9.044898503797343,0,59
4,4,9.177365974380605,0,59
5,5,9.40128847386664,0,59
0,0,9.337563495922645,0,60
1,1,9.616553995813684,0,60
2,2,9.54079082366667,0,60
3,3,9.55843262681284,0,60
4,4,9.317364321082728,0,60
5,5,9.427541784336066,0,60
0,0,8.772514971868066,0,61
1,1,9.532274461002768,0,61
2,2,9.245827030290249,0,61
3,3,9.028487182624986,0,61
4,4,9.4533307812373,0,61
5,5,9.442193232662262,0,61
0,0,9.307636105194904,0,62
1,1,9.755794640243712,0,62
2,2,9.687572119366424,0,62
3,3,9.581649227738659,0,62
4,4,9.4122347245648,0,62
5,5,9.371917080934459,0,62
0,0,9.034521280452687,0,63
1,1,9.478732279218285,0,63
2,2,9.494705666794234,0,63
3,3,9.446808731397578,0,63
4,4,9.449919280018875,0,63
5,5,9.478874391830969,0,63
0,0,9.169468368584281,0,64
1,1,9.420637656660265,0,64
2,2,9.521939050908065,0,64
3,3,9.47168496945077,0,64
4,4,9.44588630850231,0,64
5,5,9.478874391830969,0,64
0,0,9.027351113700288,0,65
1,1,9.5442201987277,0,65
2,2,9.276538345256276,0,65
3,3,9.43706985394507,0,65
4,4,9.303806220666663,0,65
5,5,9.32843019885506,0,65
0,0,9.353597143422927,0,66
1,1,9.371936101306757,0,66
2,2,9.392641717436428,0,66
3,3,9.621403158556594,0,66
4,4,9.581553926489349,0,66
5,5,9.478874391830969,0,66
0,0,8.991913008501243,0,67
1,1,9.395576302148172,0,67
2,2,9.131182347623177,0,67
3,3,9.202971729665213,0,67
4,4,9.225714975588366,0,67
5,5,9.478874391830969,0,67
0,0,9.329286031479269,0,68
1,1,9.651560115329824,0,68
2,2,9.626329749955968,0,68
3,3,9.247631937981101,0,68
4,4,9.266978502552256,0,68
5,5,9.3246954860846,0,68
0,0,9.077131273632432,0,69
1,1,9.140273691318521,0,69
2,2,9.117970628125432,0,69
3,3,9.30791453396766,0,69
4,4,9.581553926489349,0,69
5,5,9.478874391830969,0,69
0,0,9.380485976305826,0,70
1,1,9.505115654516963,0,70
2,2,9.071303096460403,0,70
3,3,9.523967086908042,0,70
4,4,9.48681386627281,0,70
5,5,9.478874391830969,0,70
0,0,8.86761066650545,0,71
1,1,9.431899487659893,0,71
2,2,9.51217842617735,0,71
3,3,9.59849721593575,0,71
4,4,9.606392374917467,0,71
5,5,9.473285709729797,0,71
0,0,9.228346893270688,0,72
1,1,9.29819426334854,0,72
2,2,9.784856711529637,0,72
3,3,9.628834004017092,0,72
4,4,9.536408146478827,0,72
5,5,9.543169722918119,0,72
0,0,9.17924960300366,0,73
1,1,9.44745550990909,0,73
2,2,9.370343924003588,0,73
3,3,9.058518758858414,0,73
4,4,9.207982886630193,0,73
5,5,9.417874888550088,0,73
0,0,9.04598523058002,0,74
1,1,9.723368536343115,0,74
2,2,9.39557956460718,0,74
3,3,9.417342979585758,0,74
4,4,9.567595419169706,0,74
5,5,9.478874391830969,0,74
0,0,9.266625770847497,0,75
1,1,9.553794067987463,0,75
2,2,9.725214469853352,0,75
3,3,9.762576437913156,0,75
4,4,9.668639764863261,0,75
5,5,9.478874391830969,0,75
0,0,9.173070634738874,0,76
1,1,9.395113429041634,0,76
2,2,9.356524695824676,0,76
3,3,9.349619722952625,0,76
4,4,9.38171015782063,0,76
5,5,9.429310749933366,0,76
0,0,8.841512747733098,0,77
1,1,9.375725777604751,0,77
2,2,9.482746887754441,0,77
3,3,9.527675477687398,0,77
4,4,9.496850069466669,0,77
5,5,9.384965796045025,0,77
0,0,8.692633812599244,0,78
1,1,8.927522372938938,0,78
2,2,9.003602941607209,0,78
3,3,9.138578438173925,0,78
4,4,9.011637512884679,0,78
5,5,9.442193232662262,0,78
0,0,9.126698516271139,0,79
1,1,9.705025846040007,0,79
2,2,9.68834546501655,0,79
3,3,9.452252863876103,0,79
4,4,9.216747401666296,0,79
5,5,9.431114984893506,0,79
0,0,9.373114660190558,0,80
1,1,9.03673010268316,0,80
2,2,9.476858131655945,0,80
3,3,9.559462815949317,0,80
4,4,9.428844467582756,0,80
5,5,9.395892672960281,0,80
0,0,9.198953340347712,0,81
1,1,9.698067457451453,0,81
2,2,9.704195617562746,0,81
3,3,9.600897116826664,0,81
4,4,9.58226748055709,0,81
5,5,9.478874391830969,0,81
0,0,9.278468293941517,0,82
1,1,9.533455217976474,0,82
2,2,9.573726726863814,0,82
3,3,9.562981049741571,0,82
4,4,9.532816169186384,0,82
5,5,9.496585221193847,0,82
0,0,9.143103608899043,0,83
1,1,9.745690783323193,0,83
2,2,9.452277357143108,0,83
3,3,9.148276330623474,0,83
4,4,9.48681386627281,0,83
5,5,9.478874391830969,0,83
0,0,9.381561232999406,0,84
1,1,9.30794141970115,0,84
2,2,9.806902304825492,0,84
3,3,9.498276056517872,0,84
4,4,9.465451405661465,0,84
5,5,9.478874391830969,0,84
0,0,9.083682028761388,0,85
1,1,9.159598483109908,0,85
2,2,9.25836636001063,0,85
3,3,9.628088855033619,0,85
4,4,9.711229714390887,0,85
5,5,9.478874391830969,0,85
0,0,9.429276434245482,0,86
1,1,9.832973105868325,0,86
2,2,9.764049424969912,0,86
3,3,9.621403158556594,0,86
4,4,9.581553926489349,0,86
5,5,9.478874391830969,0,86
0,0,9.425708767743467,0,87
1,1,9.252182250986863,0,87
2,2,9.627385886887108,0,87
3,3,9.498276056517872,0,87
4,4,9.44408894505012,0,87
5,5,9.417874888550088,0,87
0,0,8.754919649231033,0,88
1,1,9.313403268034307,0,88
2,2,9.42808779389493,0,88
3,3,9.156668449565604,0,88
4,4,9.225714975588366,0,88
5,5,9.478874391830969,0,88
0,0,8.867040094934705,0,89
1,1,9.4694366092834,0,89
2,2,9.617900755103342,0,89
3,3,9.48850782340515,0,89
4,4,9.22163159880928,0,89
5,5,9.478874391830969,0,89
0,0,9.371962445745718,0,90
1,1,9.442493022571597,0,90
2,2,9.013743971513025,0,90
3,3,9.29647974048405,0,90
4,4,9.173013345618545,0,90
5,5,9.321973185700076,0,90
0,0,9.31773473059922,0,91
1,1,9.548631067521807,0,91
2,2,9.300250645882024,0,91
3,3,9.500667856159373,0,91
4,4,9.406125070026743,0,91
5,5,9.478874391830969,0,91
0,0,9.199196984207422,0,92
1,1,9.535405543209905,0,92
2,2,9.463451646078683,0,92
3,3,9.417203965836581,0,92
4,4,9.428266154997491,0,92
5,5,9.417874888550088,0,92
0,0,8.885925956297019,0,93
1,1,9.464237689856153,0,93
2,2,9.424728997958178,0,93
3,3,9.411395388427367,0,93
4,4,9.469109254337791,0,93
5,5,9.442193232662262,0,93
0,0,9.311261931040017,0,94
1,1,9.91935047570787,0,94
2,2,9.623369884642315,0,94
3,3,9.698993916316423,0,94
4,4,9.612320486021131,0,94
5,5,9.578973909114797,0,94
0,0,9.194280667799172,0,95
1,1,9.521710452824795,0,95
2,2,9.53380278861195,0,95
3,3,9.478266012047825,0,95
4,4,9.517928035459263,0,95
5,5,9.478874391830969,0,95
0,0,9.04330079113718,0,96
1,1,9.422971629156622,0,96
2,2,9.38974788924444,0,96
3,3,9.259987053207178,0,96
4,4,9.355883616041659,0,96
5,5,9.442193232662262,0,96
0,0,9.435357795477012,0,97
1,1,9.407075482907668,0,97
2,2,9.38718817778682,0,97
3,3,9.168128975773456,0,97
4,4,9.22163159880928,0,97
5,5,9.478874391830969,0,97
0,0,9.325699058987217,0,98
1,1,9.595748080093406,0,98
2,2,9.413526959076522,0,98
3,3,9.444814893161864,0,98
4,4,9.416609455172647,0,98
5,5,9.478874391830969,0,98
0,0,9.354240444402135,0,99
1,1,9.45091771769448,0,99
2,2,9.040189709316984,0,99
3,3,9.079092032470877,0,99
4,4,9.517928035459263,0,99
5,5,9.478874391830969,0,99
0,0,9.033693603863576,1,0
1,1,8.673437157362416,1,0
2,2,9.340173051108007,1,0
3,3,9.439801280871666,1,0
4,4,9.409834806109632,1,0
5,5,9.384965796045025,1,0
0,0,8.967129411316753,1,1
1,1,9.046287860950352,1,1
2,2,9.449115578978518,1,1
3,3,9.557957299131765,1,1
4,4,9.585704983884629,1,1
5,5,9.478874391830969,1,1
0,0,9.033693603863576,1,2
1,1,9.046813386464464,1,2
2,2,9.34517564502902,1,2
3,3,9.708164176182343,1,2
4,4,9.577061990847419,1,2
5,5,9.43311984174156,1,2
0,0,9.013628744269944,1,3
1,1,8.877658351245245,1,3
2,2,9.380030397334492,1,3
3,3,9.148530607874946,1,3
4,4,9.544989146806284,1,3
5,5,9.478874391830969,1,3
0,0,8.997420309681157,1,4
1,1,9.179032273861363,1,4
2,2,9.67796825479406,1,4
3,3,9.52092999765394,1,4
4,4,9.553636911850065,1,4
5,5,9.43311984174156,1,4
0,0,9.004978543198693,1,5
1,1,9.350647634747139,1,5
2,2,9.805499973164093,1,5
3,3,9.588686451118326,1,5
4,4,9.562824330917401,1,5
5,5,9.478874391830969,1,5
0,0,9.047408189387795,1,6
1,1,8.401804289006206,1,6
2,2,9.310823430785767,1,6
3,3,9.350868000017133,1,6
4,4,9.393569537180552,1,6
5,5,9.384965796045025,1,6
0,0,8.95452901119642,1,7
1,1,9.393728447908433,1,7
2,2,9.423125897141558,1,7
3,3,9.41319933357329,1,7
4,4,9.22163159880928,1,7
5,5,9.478874391830969,1,7
0,0,8.581050927723414,1,8
1,1,8.53577346865604,1,8
2,2,9.423420099633924,1,8
3,3,9.30211319090386,1,8
4,4,9.075190870606399,1,8
5,5,9.478874391830969,1,8
0,0,9.033693603863576,1,9
1,1,8.96411154283898,1,9
2,2,9.514822888505117,1,9
3,3,9.42425481890859,1,9
4,4,9.542742624776771,1,9
5,5,9.478874391830969,1,9
0,0,9.033693603863576,1,10
1,1,9.211417969152398,1,10
2,2,9.456961055626273,1,10
3,3,9.552852332655789,1,10
4,4,9.498215630649732,1,10
5,5,9.478874391830969,1,10
0,0,9.033693603863576,1,11
1,1,8.964954890487478,1,11
2,2,9.630909035725976,1,11
3,3,9.893170997543958,1,11
4,4,9.653150208794765,1,11
5,5,9.578973909114797,1,11
0,0,8.581050927723414,1,12
1,1,8.594251997440324,1,12
2,2,9.02520891462502,1,12
3,3,9.498276056517872,1,12
4,4,9.44408894505012,1,12
5,5,9.417874888550088,1,12
0,0,9.033693603863576,1,13
1,1,9.149836451422257,1,13
2,2,9.579064844114995,1,13
3,3,9.579839499798409,1,13
4,4,9.436560559836389,1,13
5,5,9.478874391830969,1,13
0,0,9.033693603863576,1,14
1,1,8.97835056467859,1,14
2,2,9.592263803230614,1,14
3,3,9.718869285695304,1,14
4,4,9.581553926489349,1,14
5,5,9.478874391830969,1,14
0,0,9.07769075322146,1,15
1,1,9.146164366731847,1,15
2,2,9.493402697759734,1,15
3,3,9.439972424253126,1,15
4,4,9.449919280018875,1,15
5,5,9.478874391830969,1,15
0,0,9.066771441480865,1,16
1,1,8.99506666840848,1,16
2,2,9.630833245984896,1,16
3,3,9.638004062888644,1,16
4,4,9.600119191540804,1,16
5,5,9.478874391830969,1,16
0,0,9.033693603863576,1,17
1,1,8.852707450202344,1,17
2,2,9.483555859835745,1,17
3,3,9.455165787432456,1,17
4,4,9.377717673343362,1,17
5,5,9.431114984893506,1,17
0,0,9.033693603863576,1,18
1,1,9.234765407541095,1,18
2,2,9.59096461255899,1,18
3,3,9.425512990832386,1,18
4,4,9.462636142140996,1,18
5,5,9.473285709729797,1,18
0,0,9.033693603863576,1,19
1,1,9.091872655579472,1,19
2,2,9.546541019210999,1,19
3,3,9.657723269580128,1,19
4,4,9.571492563632573,1,19
5,5,9.462844257826365,1,19
0,0,9.033693603863576,1,20
1,1,8.64714700922962,1,20
2,2,9.449898897097844,1,20
3,3,9.23779215893678,1,20
4,4,9.324056427094279,1,20
5,5,9.384965796045025,1,20
0,0,8.494504476134278,1,21
1,1,9.077799152567586,1,21
2,2,9.578352030340712,1,21
3,3,9.608454160216702,1,21
4,4,9.606392374917467,1,21
5,5,9.473285709729797,1,21
0,0,8.95452901119642,1,22
1,1,8.90056433860223,1,22
2,2,9.259438112022634,1,22
3,3,9.516345171727522,1,22
4,4,9.345424647719625,1,22
5,5,9.478874391830969,1,22
0,0,9.033693603863576,1,23
1,1,8.711816209580165,1,23
2,2,9.397917776013959,1,23
3,3,9.370043588158982,1,23
4,4,9.426377353075384,1,23
5,5,9.431114984893506,1,23
0,0,8.976828423403067,1,24
1,1,9.061340447510728,1,24
2,2,9.1068758567484,1,24
3,3,9.136411094250152,1,24
4,4,9.374324105745336,1,24
5,5,9.363192309969119,1,24
0,0,9.006346223835598,1,25
1,1,8.743742184905278,1,25
2,2,9.517572331116428,1,25
3,3,9.42560615697823,1,25
4,4,9.449919280018875,1,25
5,5,9.478874391830969,1,25
0,0,9.001881730992766,1,26
1,1,8.623624923823613,1,26
2,2,9.538589810266176,1,26
3,3,9.480194203964336,1,26
4,4,9.472130140315555,1,26
5,5,9.478874391830969,1,26
0,0,9.033693603863576,1,27
1,1,9.021281764472842,1,27
2,2,9.476194936913982,1,27
3,3,9.514503845435684,1,27
4,4,9.449919280018875,1,27
5,5,9.478874391830969,1,27
0,0,9.033693603863576,1,28
1,1,9.05530357257508,1,28
2,2,9.314425428965018,1,28
3,3,8.97764615269482,1,28
4,4,9.240761293709149,1,28
5,5,9.353298497353066,1,28
0,0,8.99920683634668,1,29
1,1,8.505603310419524,1,29
2,2,9.476194936913982,1,29
3,3,9.439972424253126,1,29
4,4,9.48681386627281,1,29
5,5,9.478874391830969,1,29
0,0,8.982678074521884,1,30
1,1,8.971718806635073,1,30
2,2,9.298081930302509,1,30
3,3,9.39417400245719,1,30
4,4,9.487708259266627,1,30
5,5,9.560212903182897,1,30
0,0,8.997420309681157,1,31
1,1,8.523442219771646,1,31
2,2,9.589593512553076,1,31
3,3,9.55857068433525,1,31
4,4,9.524894219191502,1,31
5,5,9.462844257826365,1,31
0,0,8.932726263928297,1,32
1,1,8.67878670361151,1,32
2,2,9.381133189707525,1,32
3,3,9.45011327464984,1,32
4,4,9.546421445943551,1,32
5,5,9.416674319905367,1,32
0,0,9.033693603863576,1,33
1,1,8.554699093135664,1,33
2,2,9.35458848294431,1,33
3,3,9.507254718519144,1,33
4,4,9.581553926489349,1,33
5,5,9.478874391830969,1,33
0,0,8.655585036581039,1,34
1,1,8.276594772553254,1,34
2,2,9.243396273037169,1,34
3,3,8.987966343222494,1,34
4,4,9.380027825282871,1,34
5,5,9.361895596670452,1,34
0,0,9.050253437849786,1,35
1,1,8.947990084294329,1,35
2,2,9.112712946034046,1,35
3,3,9.309203903679645,1,35
4,4,9.170571057614874,1,35
5,5,9.478874391830969,1,35
0,0,8.689770586085825,1,36
1,1,8.557934347736099,1,36
2,2,9.32698884376759,1,36
3,3,9.456194573634424,1,36
4,4,9.517928035459263,1,36
5,5,9.478874391830969,1,36
0,0,9.033693603863576,1,37
1,1,9.001634823458895,1,37
2,2,9.696198187879109,1,37
3,3,9.600360577948736,1,37
4,4,9.581553926489349,1,37
5,5,9.478874391830969,1,37
0,0,9.033693603863576,1,38
1,1,9.113794888089735,1,38
2,2,9.54079082366667,1,38
3,3,9.627951919539347,1,38
4,4,9.510941187563256,1,38
5,5,9.478874391830969,1,38
0,0,8.500764925904381,1,39
1,1,8.670047981121039,1,39
2,2,9.418512714902173,1,39
3,3,9.294027398769645,1,39
4,4,9.304350143216256,1,39
5,5,9.417874888550088,1,39
0,0,8.976828423403067,1,40
1,1,8.888819871647888,1,40
2,2,9.516072256807359,1,40
3,3,9.343869046977527,1,40
4,4,9.581553926489349,1,40
5,5,9.478874391830969,1,40
0,0,8.95452901119642,1,41
1,1,9.063297724347033,1,41
2,2,9.29373112455763,1,41
3,3,9.263031577679229,1,41
4,4,9.38784281671285,1,41
5,5,9.478874391830969,1,41
0,0,8.437399067478175,1,42
1,1,9.023319262612594,1,42
2,2,9.336728023805865,1,42
3,3,9.430174295627323,1,42
4,4,9.435945869727169,1,42
5,5,9.478874391830969,1,42
0,0,8.967129411316753,1,43
1,1,9.407167489373835,1,43
2,2,9.433251958177628,1,43
3,3,9.439972424253126,1,43
4,4,9.48681386627281,1,43
5,5,9.478874391830969,1,43
0,0,8.581050927723414,1,44
1,1,8.308801968069979,1,44
2,2,9.290551777215478,1,44
3,3,9.478462574857886,1,44
4,4,9.48681386627281,1,44
5,5,9.478874391830969,1,44
0,0,9.058572401911206,1,45
1,1,9.340321791112965,1,45
2,2,9.560494192362476,1,45
3,3,9.238525899613396,1,45
4,4,9.474189988537717,1,45
5,5,9.473285709729797,1,45
0,0,9.050253437849786,1,46
1,1,9.534072894187453,1,46
2,2,9.492751248765709,1,46
3,3,9.529082917257504,1,46
4,4,9.449919280018875,1,46
5,5,9.478874391830969,1,46
0,0,8.997420309681157,1,47
1,1,9.205101412771807,1,47
2,2,9.518453163535476,1,47
3,3,9.54550622967669,1,47
4,4,9.553636911850065,1,47
5,5,9.43311984174156,1,47
0,0,9.033693603863576,1,48
1,1,8.152567629837629,1,48
2,2,9.244588057540083,1,48
3,3,8.98243161259179,1,48
4,4,9.239494417355973,1,48
5,5,9.330581307258823,1,48
0,0,9.033693603863576,1,49
1,1,8.863158180212725,1,49
2,2,9.50817554844385,1,49
3,3,9.55563783051422,1,49
4,4,9.429760075620862,1,49
5,5,9.417874888550088,1,49
0,0,9.033693603863576,1,50
1,1,8.508012180880346,1,50
2,2,8.929105802695844,1,50
3,3,9.053044407998351,1,50
4,4,9.517928035459263,1,50
5,5,9.478874391830969,1,50
0,0,8.500764925904381,1,51
1,1,8.644509642096935,1,51
2,2,9.279962873395197,1,51
3,3,8.982869116267558,1,51
4,4,9.347347313649525,1,51
5,5,9.478874391830969,1,51
0,0,9.033693603863576,1,52
1,1,9.128374308957321,1,52
2,2,8.763709237173076,1,52
3,3,9.379935215816696,1,52
4,4,9.467696372139256,1,52
5,5,9.432131208522705,1,52
0,0,9.001881730992766,1,53
1,1,8.995410803681128,1,53
2,2,9.60894015934229,1,53
3,3,9.323288724044136,1,53
4,4,9.268443353114527,1,53
5,5,9.444586953679437,1,53
0,0,9.033693603863576,1,54
1,1,8.580480790341772,1,54
2,2,9.276496520678627,1,54
3,3,9.387983516660393,1,54
4,4,9.263768739459627,1,54
5,5,9.478874391830969,1,54
0,0,8.893187070172347,1,55
1,1,8.459825574097183,1,55
2,2,9.447323887027302,1,55
3,3,9.450853809105716,1,55
4,4,9.449919280018875,1,55
5,5,9.478874391830969,1,55
0,0,8.950427206256954,1,56
1,1,8.96255398775399,1,56
2,2,9.423817068495019,1,56
3,3,9.26699705166422,1,56
4,4,9.237264028309896,1,56
5,5,9.347918423286803,1,56
0,0,9.033693603863576,1,57
1,1,8.8177579044662,1,57
2,2,9.651717912986973,1,57
3,3,9.621403158556594,1,57
4,4,9.48681386627281,1,57
5,5,9.478874391830969,1,57
0,0,9.033693603863576,1,58
1,1,9.373237738400821,1,58
2,2,9.897067453217112,1,58
3,3,9.668336748749006,1,58
4,4,9.541292304876599,1,58
5,5,9.478874391830969,1,58
0,0,8.932726263928297,1,59
1,1,9.148622267133707,1,59
2,2,9.567996976128672,1,59
3,3,9.604536240770319,1,59
4,4,9.677179230855266,1,59
5,5,9.416674319905367,1,59
0,0,8.95452901119642,1,60
1,1,8.802102973385255,1,60
2,2,9.298169886033682,1,60
3,3,9.118580159633478,1,60
4,4,9.452973394074212,1,60
5,5,9.456637077641624,1,60
0,0,8.997420309681157,1,61
1,1,9.386923843213355,1,61
2,2,9.529091419647209,1,61
3,3,9.41319933357329,1,61
4,4,9.22163159880928,1,61
5,5,9.478874391830969,1,61
0,0,8.974028352146073,1,62
1,1,9.380842440553987,1,62
2,2,9.66161268117453,1,62
3,3,9.70765983753091,1,62
4,4,9.581553926489349,1,62
5,5,9.478874391830969,1,62
0,0,8.858311420382623,1,63
1,1,9.020293940070639,1,63
2,2,9.447323887027302,1,63
3,3,9.413199794806284,1,63
4,4,9.179593147301691,1,63
5,5,9.478874391830969,1,63
0,0,8.984097264555114,1,64
1,1,9.231898610518442,1,64
2,2,9.716283836026411,1,64
3,3,9.406616564464594,1,64
4,4,9.674694146540569,1,64
5,5,9.5867062016948,1,64
0,0,9.033693603863576,1,65
1,1,9.401109681715523,1,65
2,2,9.6548555424211,1,65
3,3,9.515163149922556,1,65
4,4,9.462636142140996,1,65
5,5,9.473285709729797,1,65
0,0,9.033693603863576,1,66
1,1,9.064071435854503,1,66
2,2,9.241727111454415,1,66
3,3,9.333454570055425,1,66
4,4,9.320230190441059,1,66
5,5,9.34616982426938,1,66
0,0,8.789150136935401,1,67
1,1,8.171818515546994,1,67
2,2,9.242846750979961,1,67
3,3,9.41319933357329,1,67
4,4,9.22163159880928,1,67
5,5,9.478874391830969,1,67
0,0,8.976828423403067,1,68
1,1,8.844386918578971,1,68
2,2,9.330676831169628,1,68
3,3,9.61006338642727,1,68
4,4,9.513877202269063,1,68
5,5,9.444586953679437,1,68
0,0,9.033693603863576,1,69
1,1,9.202287076755036,1,69
2,2,9.54310462806244,1,69
3,3,9.499775567678247,1,69
4,4,9.397425988445454,1,69
5,5,9.478874391830969,1,69
0,0,9.033693603863576,1,70
1,1,8.92254448941497,1,70
2,2,9.3732409912139,1,70
3,3,9.621403158556594,1,70
4,4,9.581553926489349,1,70
5,5,9.478874391830969,1,70
0,0,9.076487412304738,1,71
1,1,9.4728238049873,1,71
2,2,9.87291550044676,1,71
3,3,9.676745779826073,1,71
4,4,9.45906585311167,1,71
5,5,9.417874888550088,1,71
0,0,9.033693603863576,1,72
1,1,8.830640393998863,1,72
2,2,9.523116432574177,1,72
3,3,9.08896104714151,1,72
4,4,9.442833383497517,1,72
5,5,9.478874391830969,1,72
0,0,9.033693603863576,1,73
1,1,8.648745756152756,1,73
2,2,9.495263559965208,1,73
3,3,9.621403158556594,1,73
4,4,9.48681386627281,1,73
5,5,9.478874391830969,1,73
0,0,9.033693603863576,1,74
1,1,8.213803239547232,1,74
2,2,9.31330989257639,1,74
3,3,9.287901454221467,1,74
4,4,9.393055756164431,1,74
5,5,9.417874888550088,1,74
0,0,8.976828423403067,1,75
1,1,8.707103029073906,1,75
2,2,9.136856528405572,1,75
3,3,8.856512850848915,1,75
4,4,9.293629582448151,1,75
5,5,9.358264136979113,1,75
0,0,9.050253437849786,1,76
1,1,9.166132456899415,1,76
2,2,9.87925662066,1,76
3,3,9.66769296982166,1,76
4,4,9.479604221804482,1,76
5,5,9.478874391830969,1,76
0,0,8.581050927723414,1,77
1,1,8.685559809072558,1,77
2,2,8.904092862620063,1,77
3,3,9.084750064762977,1,77
4,4,9.388572593606312,1,77
5,5,9.442193232662262,1,77
0,0,9.033693603863576,1,78
1,1,8.490367802719273,1,78
2,2,9.379122078305333,1,78
3,3,9.319922718999113,1,78
4,4,9.372166043438291,1,78
5,5,9.442193232662262,1,78
0,0,9.033693603863576,1,79
1,1,9.157657553812578,1,79
2,2,9.561312698505004,1,79
3,3,9.5810171741579,1,79
4,4,9.337252909725368,1,79
5,5,9.380203531982488,1,79
0,0,9.033693603863576,1,80
1,1,8.947145394171393,1,80
2,2,9.645144204513697,1,80
3,3,9.606108588525846,1,80
4,4,9.504360967758933,1,80
5,5,9.478874391830969,1,80
0,0,9.033693603863576,1,81
1,1,8.997498847442678,1,81
2,2,9.414346644957915,1,81
3,3,9.514503845435684,1,81
4,4,9.517928035459263,1,81
5,5,9.478874391830969,1,81
0,0,9.047408189387795,1,82
1,1,8.859978360341922,1,82
2,2,9.609704128712158,1,82
3,3,9.549692715764662,1,82
4,4,9.513133620990155,1,82
5,5,9.478874391830969,1,82
0,0,9.033693603863576,1,83
1,1,8.98807200159002,1,83
2,2,9.451601735549138,1,83
3,3,9.413126533992106,1,83
4,4,9.191362390098547,1,83
5,5,9.473285709729797,1,83
0,0,8.970303427004882,1,84
1,1,8.746371104737543,1,84
2,2,9.507639287151637,1,84
3,3,9.402901962234251,1,84
4,4,9.439296513228726,1,84
5,5,9.421972899999753,1,84
0,0,9.050253437849786,1,85
1,1,8.995058833298316,1,85
2,2,9.425186520835195,1,85
3,3,9.332558730110673,1,85
4,4,9.22163159880928,1,85
5,5,9.478874391830969,1,85
0,0,9.033693603863576,1,86
1,1,8.824130489630907,1,86
2,2,9.42340264520441,1,86
3,3,9.221347562620329,1,86
4,4,9.412359751636188,1,86
5,5,9.417874888550088,1,86
0,0,8.459827248183753,1,87
1,1,8.685608611083843,1,87
2,2,9.117970628125432,1,87
3,3,8.795292148543286,1,87
4,4,8.996580946626587,1,87
5,5,9.384965796045025,1,87
0,0,9.013628744269944,1,88
1,1,9.468503249251423,1,88
2,2,9.533978394956357,1,88
3,3,9.573080262757266,1,88
4,4,9.581561722121956,1,88
5,5,9.507411889344954,1,88
0,0,9.033693603863576,1,89
1,1,8.979630339466198,1,89
2,2,9.555764824960503,1,89
3,3,9.072088601653016,1,89
4,4,9.351811646592951,1,89
5,5,9.387321899457868,1,89
0,0,8.997420309681157,1,90
1,1,8.987319801266597,1,90
2,2,9.393710034739499,1,90
3,3,9.391909059083044,1,90
4,4,9.360407579969868,1,90
5,5,9.355219202326845,1,90
0,0,8.976828423403067,1,91
1,1,8.54491388475429,1,91
2,2,9.307594896704652,1,91
3,3,9.339694856933294,1,91
4,4,9.480704558007332,1,91
5,5,9.473285709729797,1,91
0,0,9.050253437849786,1,92
1,1,9.0839694047181,1,92
2,2,9.008544839528406,1,92
3,3,9.568239658678385,1,92
4,4,9.474591384044615,1,92
5,5,9.478874391830969,1,92
0,0,9.033693603863576,1,93
1,1,9.026909406118833,1,93
2,2,9.701925401703358,1,93
3,3,9.571212874797268,1,93
4,4,9.618184898770073,1,93
5,5,9.507411889344954,1,93
0,0,9.050253437849786,1,94
1,1,8.942273659481128,1,94
2,2,9.54786677739537,1,94
3,3,9.396984415342288,1,94
4,4,9.344703679868658,1,94
5,5,9.341806443839651,1,94
0,0,9.033693603863576,1,95
1,1,9.009760088166773,1,95
2,2,9.14651548496892,1,95
3,3,9.25417390044141,1,95
4,4,9.480501927405264,1,95
5,5,9.478874391830969,1,95
0,0,9.002181117221085,1,96
1,1,9.04897623401172,1,96
2,2,9.467086256828669,1,96
3,3,9.51471466692938,1,96
4,4,9.497912866033749,1,96
5,5,9.478874391830969,1,96
0,0,9.033693603863576,1,97
1,1,8.963243559339743,1,97
2,2,9.437325344271525,1,97
3,3,9.05072931206891,1,97
4,4,9.44408894505012,1,97
5,5,9.417874888550088,1,97
0,0,9.050253437849786,1,98
1,1,9.26359110349518,1,98
2,2,9.079089193640742,1,98
3,3,9.125865290321132,1,98
4,4,9.164805533316947,1,98
5,5,9.470652900407119,1,98
0,0,8.85889210005806,1,99
1,1,8.776251123619435,1,99
2,2,9.407503590902545,1,99
3,3,9.746504252908442,1,99
4,4,9.593973150703409,1,99
5,5,9.478874391830969,1,99
0,0,9.033693603863576,2,0
1,1,8.790070194188049,2,0
2,2,8.738929579746074,2,0
3,3,9.07767331035138,2,0
4,4,9.207982886630193,2,0
5,5,9.417874888550088,2,0
0,0,9.033693603863576,2,1
1,1,8.481711291443895,2,1
2,2,9.185660324003821,2,1
3,3,9.655873281466524,2,1
4,4,9.682999978251823,2,1
5,5,9.580082109819086,2,1
0,0,8.437399067478175,2,2
1,1,7.67735099693326,2,2
2,2,8.676750493658306,2,2
3,3,9.529082917257504,2,2
4,4,9.449919280018875,2,2
5,5,9.478874391830969,2,2
0,0,8.982669267146527,2,3
1,1,8.053186720534127,2,3
2,2,8.442247726463298,2,3
3,3,9.439972424253126,2,3
4,4,9.449919280018875,2,3
5,5,9.478874391830969,2,3
0,0,8.976828423403067,2,4
1,1,8.710545219482821,2,4
2,2,8.838028953890575,2,4
3,3,9.263944093248554,2,4
4,4,9.3002676868754,2,4
5,5,9.364442924507541,2,4
0,0,9.033693603863576,2,5
1,1,8.712049893012626,2,5
2,2,8.506357520222691,2,5
3,3,9.124857645230522,2,5
4,4,9.419602332116543,2,5
5,5,9.384965796045025,2,5
0,0,9.047408189387795,2,6
1,1,8.360493418548964,2,6
2,2,8.646977313145422,2,6
3,3,9.580831087987635,2,6
4,4,9.477027749286698,2,6
5,5,9.478874391830969,2,6
0,0,9.033693603863576,2,7
1,1,8.773163697817079,2,7
2,2,8.952307661864582,2,7
3,3,9.621403158556594,2,7
4,4,9.581553926489349,2,7
5,5,9.478874391830969,2,7
0,0,9.033693603863576,2,8
1,1,8.435971722031965,2,8
2,2,7.901771976895705,2,8
3,3,9.028487182624986,2,8
4,4,9.474863199311288,2,8
5,5,9.478874391830969,2,8
0,0,9.050253437849786,2,9
1,1,8.985587232844791,2,9
2,2,8.98440529528362,2,9
3,3,9.079092032470877,2,9
4,4,9.22163159880928,2,9
5,5,9.478874391830969,2,9
0,0,8.981393959710967,2,10
1,1,8.849762442575125,2,10
2,2,9.163619987820084,2,10
3,3,9.718020141076586,2,10
4,4,9.531119883020004,2,10
5,5,9.478874391830969,2,10
0,0,9.033693603863576,2,11
1,1,8.167713363783703,2,11
2,2,8.508321490718501,2,11
3,3,9.50136843913206,2,11
4,4,9.483959876348077,2,11
5,5,9.43311984174156,2,11
0,0,8.581050927723414,2,12
1,1,7.727729395112679,2,12
2,2,7.761181188750021,2,12
3,3,8.893796947598442,2,12
4,4,9.367831208959377,2,12
5,5,9.417034870833515,2,12
0,0,9.109139537737395,2,13
1,1,8.820673588187137,2,13
2,2,9.190995502596353,2,13
3,3,9.535281438820297,2,13
4,4,9.646015808171187,2,13
5,5,9.454157829322535,2,13
0,0,8.581050927723414,2,14
1,1,7.613432183777021,2,14
2,2,8.84080584931495,2,14
3,3,9.550136903862839,2,14
4,4,9.581553926489349,2,14
5,5,9.478874391830969,2,14
0,0,9.033693603863576,2,15
1,1,8.895983906282183,2,15
2,2,9.045306736015826,2,15
3,3,9.479291117280805,2,15
4,4,9.598698344052325,2,15
5,5,9.5867062016948,2,15
0,0,9.033693603863576,2,16
1,1,8.481943826583185,2,16
2,2,8.299498870451187,2,16
3,3,9.31223541155382,2,16
4,4,9.271462675814533,2,16
5,5,9.380203531982488,2,16
0,0,9.033693603863576,2,17
1,1,8.212004471167521,2,17
2,2,8.766661117765292,2,17
3,3,9.35711197667881,2,17
4,4,9.160308953525263,2,17
5,5,9.44147608808092,2,17
0,0,8.581050927723414,2,18
1,1,7.764377382282791,2,18
2,2,7.962901678284044,2,18
3,3,8.83076092427159,2,18
4,4,9.059911452613491,2,18
5,5,9.40729800690912,2,18
0,0,9.033693603863576,2,19
1,1,8.885411059851064,2,19
2,2,9.390229546173694,2,19
3,3,9.619370029768293,2,19
4,4,9.625163493854178,2,19
5,5,9.561557176365675,2,19
0,0,9.017682513378606,2,20
1,1,8.828167604733702,2,20
2,2,9.03119444589319,2,20
3,3,9.429458957348473,2,20
4,4,9.336425460338589,2,20
5,5,9.35256142419288,2,20
0,0,9.047408189387795,2,21
1,1,8.727616572976185,2,21
2,2,9.33131058124669,2,21
3,3,9.745160035721533,2,21
4,4,9.756152419512036,2,21
5,5,9.5867062016948,2,21
0,0,8.581050927723414,2,22
1,1,7.757620145013167,2,22
2,2,7.930598570334477,2,22
3,3,9.501108059522021,2,22
4,4,9.542742624776771,2,22
5,5,9.478874391830969,2,22
0,0,9.01668384270333,2,23
1,1,8.559446764470886,2,23
2,2,8.902180712399268,2,23
3,3,9.64983114651679,2,23
4,4,9.713424516808798,2,23
5,5,9.578973909114797,2,23
0,0,8.997420309681157,2,24
1,1,8.212004231588567,2,24
2,2,8.235811513524723,2,24
3,3,9.45298804446108,2,24
4,4,9.381986373185164,2,24
5,5,9.288938989495387,2,24
0,0,8.976828423403067,2,25
1,1,8.8971695626177,2,25
2,2,8.952876813229945,2,25
3,3,9.424666934005051,2,25
4,4,9.405731278333509,2,25
5,5,9.442193232662262,2,25
0,0,9.033693603863576,2,26
1,1,8.397549309620935,2,26
2,2,9.149816723940152,2,26
3,3,9.469856315281652,2,26
4,4,9.160308953525263,2,26
5,5,9.419888153031572,2,26
0,0,8.95452901119642,2,27
1,1,8.102424021380923,2,27
2,2,8.31659174702928,2,27
3,3,9.39221271872364,2,27
4,4,9.650962985802524,2,27
5,5,9.560107239088032,2,27
0,0,8.581050927723414,2,28
1,1,7.673049287853615,2,28
2,2,8.9833611063195,2,28
3,3,9.334656696548736,2,28
4,4,9.383554228148292,2,28
5,5,9.431114984893506,2,28
0,0,9.033693603863576,2,29
1,1,8.717267119773501,2,29
2,2,8.620419534168285,2,29
3,3,9.023423772398838,2,29
4,4,9.517928035459263,2,29
5,5,9.478874391830969,2,29
0,0,9.033693603863576,2,30
1,1,8.435971722031965,2,30
2,2,8.054574781617665,2,30
3,3,8.864210435127713,2,30
4,4,9.061959337904838,2,30
5,5,9.442193232662262,2,30
0,0,9.033693603863576,2,31
1,1,8.264103391166334,2,31
2,2,8.760839105993881,2,31
3,3,9.499844880235532,2,31
4,4,9.501457163649066,2,31
5,5,9.371833652228414,2,31
0,0,9.013628744269944,2,32
1,1,8.764886055333376,2,32
2,2,9.099067069112,2,32
3,3,9.613131299575263,2,32
4,4,9.503931323064196,2,32
5,5,9.417874888550088,2,32
0,0,9.033693603863576,2,33
1,1,8.167713363783703,2,33
2,2,8.601918017995438,2,33
3,3,9.431150277543267,2,33
4,4,9.329853761268934,2,33
5,5,9.384965796045025,2,33
0,0,8.95452901119642,2,34
1,1,8.411908198360148,2,34
2,2,7.653306505954048,2,34
3,3,8.865964951119457,2,34
4,4,9.363549906716898,2,34
5,5,9.478874391830969,2,34
0,0,9.033693603863576,2,35
1,1,7.972075981887972,2,35
2,2,8.589342767105865,2,35
3,3,9.459898922900267,2,35
4,4,9.428959164581315,2,35
5,5,9.507411889344954,2,35
0,0,9.033693603863576,2,36
1,1,8.805342947292127,2,36
2,2,9.294866983142073,2,36
3,3,9.556820057600572,2,36
4,4,9.397937968225884,2,36
5,5,9.407109045906028,2,36
0,0,9.033693603863576,2,37
1,1,8.282953519278122,2,37
2,2,8.759211892380202,2,37
3,3,8.967755512326798,2,37
4,4,9.179593147301691,2,37
5,5,9.478874391830969,2,37
0,0,9.047408189387795,2,38
1,1,8.869386213656405,2,38
2,2,8.93458368696017,2,38
3,3,9.118431520047771,2,38
4,4,9.255797878528819,2,38
5,5,9.478874391830969,2,38
0,0,8.997420309681157,2,39
1,1,8.068848554067465,2,39
2,2,8.327268149879535,2,39
3,3,8.879649502190956,2,39
4,4,9.467076316831564,2,39
5,5,9.507411889344954,2,39
0,0,9.033693603863576,2,40
1,1,7.836539616148069,2,40
2,2,8.231185090113037,2,40
3,3,9.090010401475745,2,40
4,4,9.422261450600578,2,40
5,5,9.489621503151858,2,40
0,0,9.013628744269944,2,41
1,1,8.506388021259554,2,41
2,2,8.847022912638755,2,41
3,3,9.079092032470877,2,41
4,4,9.22163159880928,2,41
5,5,9.478874391830969,2,41
0,0,9.033693603863576,2,42
1,1,8.768246687503547,2,42
2,2,9.1935103607865,2,42
3,3,9.615237142014744,2,42
4,4,9.468097424995939,2,42
5,5,9.421972899999753,2,42
0,0,9.041333627358084,2,43
1,1,9.07089545774949,2,43
2,2,9.088202247654259,2,43
3,3,9.621403158556594,2,43
4,4,9.48681386627281,2,43
5,5,9.478874391830969,2,43
0,0,8.979174171766871,2,44
1,1,8.496497706848217,2,44
2,2,8.772669040138316,2,44
3,3,9.542558392867477,2,44
4,4,9.466929795332248,2,44
5,5,9.417874888550088,2,44
0,0,8.472160979228812,2,45
1,1,8.276107894627398,2,45
2,2,9.206383916960748,2,45
3,3,9.514503845435684,2,45
4,4,9.449919280018875,2,45
5,5,9.478874391830969,2,45
0,0,9.00440123705755,2,46
1,1,8.679033234225148,2,46
2,2,9.23733860951117,2,46
3,3,9.514503845435684,2,46
4,4,9.517928035459263,2,46
5,5,9.478874391830969,2,46
0,0,8.967129411316753,2,47
1,1,8.080967067687045,2,47
2,2,8.07952071091002,2,47
3,3,8.987966343222494,2,47
4,4,9.10970995554733,2,47
5,5,9.384965796045025,2,47
0,0,9.088328764822156,2,48
1,1,8.687402185079105,2,48
2,2,9.295503350454021,2,48
3,3,9.80925219529998,2,48
4,4,9.609077893824159,2,48
5,5,9.478874391830969,2,48
0,0,9.033693603863576,2,49
1,1,8.62839971748157,2,49
2,2,9.085416007540017,2,49
3,3,9.610668474252329,2,49
4,4,9.408421122477513,2,49
5,5,9.478874391830969,2,49
0,0,8.95452901119642,2,50
1,1,8.394718875662557,2,50
2,2,8.968268340538483,2,50
3,3,9.251409526116554,2,50
4,4,9.22163159880928,2,50
5,5,9.478874391830969,2,50
0,0,9.06946227786502,2,51
1,1,8.049594735965726,2,51
2,2,7.996728573864198,2,51
3,3,8.805214564555477,2,51
4,4,9.038063127521355,2,51
5,5,9.384965796045025,2,51
0,0,9.013628744269944,2,52
1,1,9.088883365178415,2,52
2,2,9.039089972824891,2,52
3,3,9.477092948356415,2,52
4,4,9.46054344222038,2,52
5,5,9.478874391830969,2,52
0,0,9.033693603863576,2,53
1,1,8.167713363783703,2,53
2,2,8.428156919654283,2,53
3,3,9.439972424253126,2,53
4,4,9.449919280018875,2,53
5,5,9.478874391830969,2,53
0,0,9.06814179122044,2,54
1,1,8.953611867644268,2,54
2,2,9.001804042552555,2,54
3,3,9.615115219696328,2,54
4,4,9.657843842389688,2,54
5,5,9.568843952232307,2,54
0,0,9.047408189387795,2,55
1,1,8.96329544615718,2,55
2,2,9.019332235501397,2,55
3,3,9.493183421754896,2,55
4,4,9.388691343891203,2,55
5,5,9.40762749922805,2,55
0,0,9.047408189387795,2,56
1,1,8.680931996191156,2,56
2,2,8.848279045878341,2,56
3,3,9.474087891001224,2,56
4,4,9.489897666575764,2,56
5,5,9.421972899999753,2,56
0,0,8.581050927723414,2,57
1,1,7.748298259015275,2,57
2,2,8.149900534045548,2,57
3,3,9.447700195524334,2,57
4,4,9.34153459511376,2,57
5,5,9.335303953851255,2,57
0,0,9.074590579996745,2,58
1,1,8.877112055267276,2,58
2,2,9.11920896960445,2,58
3,3,9.690625225369008,2,58
4,4,9.593973150703409,2,58
5,5,9.478874391830969,2,58
0,0,9.033693603863576,2,59
1,1,8.764590094058446,2,59
2,2,8.858384254730595,2,59
3,3,9.552182446613717,2,59
4,4,9.59916368144858,2,59
5,5,9.478874391830969,2,59
0,0,9.033693603863576,2,60
1,1,8.46003524570378,2,60
2,2,8.775193913286717,2,60
3,3,9.51259189987776,2,60
4,4,9.22163159880928,2,60
5,5,9.478874391830969,2,60
0,0,8.976828423403067,2,61
1,1,8.736057198316635,2,61
2,2,8.332450125831176,2,61
3,3,9.32856760472479,2,61
4,4,9.312876189241564,2,61
5,5,9.363495590770668,2,61
0,0,9.033693603863576,2,62
1,1,8.790070194188049,2,62
2,2,9.186068420876119,2,62
3,3,9.602009142641906,2,62
4,4,9.36833875756976,2,62
5,5,9.389698041351677,2,62
0,0,9.033693603863576,2,63
1,1,8.459357356301862,2,63
2,2,8.898682716944402,2,63
3,3,9.503111149777162,2,63
4,4,9.517928035459263,2,63
5,5,9.478874391830969,2,63
0,0,9.047408189387795,2,64
1,1,8.810964426050969,2,64
2,2,8.774536970385691,2,64
3,3,9.422310403118498,2,64
4,4,9.40210643959457,2,64
5,5,9.478874391830969,2,64
0,0,9.033693603863576,2,65
1,1,8.883802928913068,2,65
2,2,9.524115034783113,2,65
3,3,9.514503845435684,2,65
4,4,9.449919280018875,2,65
5,5,9.478874391830969,2,65
0,0,8.405671816347352,2,66
1,1,7.70515263829072,2,66
2,2,8.197466103702917,2,66
3,3,9.491256180862356,2,66
4,4,9.454492566565271,2,66
5,5,9.478874391830969,2,66
0,0,8.976828423403067,2,67
1,1,8.458679466899945,2,67
2,2,8.490612201043126,2,67
3,3,9.13491051433902,2,67
4,4,9.566192004590151,2,67
5,5,9.549027896809765,2,67
0,0,9.018887283526638,2,68
1,1,9.024548730599744,2,68
2,2,9.305795588430845,2,68
3,3,9.91115766177817,2,68
4,4,9.715855740240288,2,68
5,5,9.473285709729797,2,68
0,0,9.047408189387795,2,69
1,1,8.070333381528554,2,69
2,2,8.597162629784405,2,69
3,3,9.577514491217372,2,69
4,4,9.457038346314876,2,69
5,5,9.489621503151858,2,69
0,0,9.033693603863576,2,70
1,1,8.764590094058446,2,70
2,2,9.057685839384387,2,70
3,3,9.66092822449686,2,70
4,4,9.604485650170997,2,70
5,5,9.417874888550088,2,70
0,0,9.033693603863576,2,71
1,1,8.167713363783703,2,71
2,2,8.527354761739867,2,71
3,3,9.61111710192976,2,71
4,4,9.33088459770266,2,71
5,5,9.478874391830969,2,71
0,0,8.581050927723414,2,72
1,1,7.865459214917469,2,72
2,2,8.303162140530407,2,72
3,3,9.246980909479564,2,72
4,4,9.489901151839568,2,72
5,5,9.395986369846389,2,72
0,0,9.070448499920161,2,73
1,1,8.938410619278534,2,73
2,2,8.462403728370644,2,73
3,3,9.379895652048763,2,73
4,4,9.450145873625466,2,73
5,5,9.478874391830969,2,73
0,0,9.033693603863576,2,74
1,1,8.748097154093905,2,74
2,2,8.935543533506678,2,74
3,3,9.556533702640328,2,74
4,4,9.371599769919522,2,74
5,5,9.421394083306451,2,74
0,0,9.033693603863576,2,75
1,1,8.112206313993285,2,75
2,2,8.67648903594609,2,75
3,3,9.418659159930494,2,75
4,4,9.354225731993978,2,75
5,5,9.442193232662262,2,75
0,0,8.976828423403067,2,76
1,1,8.20253747336325,2,76
2,2,8.352630644456877,2,76
3,3,9.3887743441466,2,76
4,4,9.493675746243953,2,76
5,5,9.478874391830969,2,76
0,0,9.033693603863576,2,77
1,1,8.765841545790305,2,77
2,2,8.333112752018762,2,77
3,3,9.278179919732963,2,77
4,4,9.467536320520887,2,77
5,5,9.478874391830969,2,77
0,0,9.078784926314308,2,78
1,1,9.048348259347378,2,78
2,2,9.188103097857086,2,78
3,3,9.456366590007375,2,78
4,4,9.45194553093032,2,78
5,5,9.478874391830969,2,78
0,0,9.128027284431997,2,79
1,1,9.15310838917927,2,79
2,2,8.95269837309495,2,79
3,3,9.462980229642262,2,79
4,4,9.377204060363136,2,79
5,5,9.477656834597283,2,79
0,0,9.076487412304738,2,80
1,1,8.972117808663986,2,80
2,2,8.839401603329126,2,80
3,3,9.195470609981168,2,80
4,4,9.434636870169676,2,80
5,5,9.507595203441255,2,80
0,0,8.891012797235808,2,81
1,1,8.154446710887022,2,81
2,2,8.823432332965236,2,81
3,3,9.46406740604483,2,81
4,4,9.406125070026743,2,81
5,5,9.478874391830969,2,81
0,0,8.581050927723414,2,82
1,1,8.059793978096014,2,82
2,2,8.797841632600871,2,82
3,3,9.471693361430942,2,82
4,4,9.430821475695385,2,82
5,5,9.478874391830969,2,82
0,0,9.033693603863576,2,83
1,1,8.15531626793818,2,83
2,2,8.727103890022978,2,83
3,3,9.44564642494366,2,83
4,4,9.564303633112408,2,83
5,5,9.478874391830969,2,83
0,0,9.033693603863576,2,84
1,1,8.269184226601663,2,84
2,2,8.621605993109439,2,84
3,3,9.614139116970495,2,84
4,4,9.517928035459263,2,84
5,5,9.478874391830969,2,84
0,0,8.976828423403067,2,85
1,1,8.299202139012708,2,85
2,2,8.582071729448193,2,85
3,3,9.461502648503066,2,85
4,4,9.22163159880928,2,85
5,5,9.478874391830969,2,85
0,0,9.033693603863576,2,86
1,1,8.167713363783703,2,86
2,2,8.668376467671182,2,86
3,3,9.882711486604002,2,86
4,4,9.674694146540569,2,86
5,5,9.538998188514904,2,86
0,0,9.017682513378606,2,87
1,1,8.860383030605428,2,87
2,2,8.692685621722745,2,87
3,3,9.562986582217269,2,87
4,4,9.527733454559586,2,87
5,5,9.494398133818294,2,87
0,0,8.957354616349296,2,88
1,1,8.285631755800225,2,88
2,2,8.595384912225176,2,88
3,3,9.41319933357329,2,88
4,4,9.22163159880928,2,88
5,5,9.478874391830969,2,88
0,0,9.033693603863576,2,89
1,1,7.754790282321355,2,89
2,2,8.321453369716998,2,89
3,3,9.50720706297854,2,89
4,4,9.47866932780853,2,89
5,5,9.478874391830969,2,89
0,0,8.581050927723414,2,90
1,1,7.648852384214291,2,90
2,2,8.935430557370333,2,90
3,3,9.588251241660842,2,90
4,4,9.456277711079935,2,90
5,5,9.478874391830969,2,90
0,0,9.033693603863576,2,91
1,1,8.768246687503547,2,91
2,2,8.370907673093967,2,91
3,3,9.057465150097372,2,91
4,4,9.483129929385072,2,91
5,5,9.377923123807662,2,91
0,0,9.033693603863576,2,92
1,1,8.766633475608334,2,92
2,2,8.953848695250924,2,92
3,3,9.13491051433902,2,92
4,4,9.595164367561285,2,92
5,5,9.561782518558553,2,92
0,0,9.033693603863576,2,93
1,1,8.786076533804765,2,93
2,2,9.23594235452327,2,93
3,3,9.417682083382855,2,93
4,4,9.22163159880928,2,93
5,5,9.478874391830969,2,93
0,0,9.058572401911206,2,94
1,1,8.934442991944291,2,94
2,2,8.308574912192805,2,94
3,3,8.96902439450621,2,94
4,4,9.147455080951714,2,94
5,5,9.409574205766026,2,94
0,0,9.033693603863576,2,95
1,1,8.93767794123035,2,95
2,2,9.004278260217152,2,95
3,3,9.54585347714979,2,95
4,4,9.48105900641043,2,95
5,5,9.507411889344954,2,95
0,0,9.033693603863576,2,96
1,1,8.770700072804381,2,96
2,2,9.178940232917235,2,96
3,3,9.441051209308933,2,96
4,4,9.517928035459263,2,96
5,5,9.478874391830969,2,96
0,0,9.002181117221085,2,97
1,1,8.558352029460638,2,97
2,2,8.63117698280399,2,97
3,3,9.08500664582382,2,97
4,4,9.525353299818136,2,97
5,5,9.546013061951882,2,97
0,0,8.997420309681157,2,98
1,1,8.212004231588567,2,98
2,2,8.793896483610942,2,98
3,3,9.413638697985718,2,98
4,4,9.685021915101416,2,98
5,5,9.578973909114797,2,98
0,0,9.033693603863576,2,99
1,1,8.536284360718808,2,99
2,2,9.120881173482886,2,99
3,3,9.513144151062356,2,99
4,4,9.404592764424375,2,99
5,5,9.384965796045025,2,99
0,0,8.95452901119642,3,0
1,1,8.64994407638402,3,0
2,2,7.9440008576531405,3,0
3,3,8.823245408527288,3,0
4,4,9.38787861279478,3,0
5,5,9.478874391830969,3,0
0,0,9.070157888007625,3,1
1,1,9.076546831868171,3,1
2,2,8.950093367195228,3,1
3,3,9.020851972723058,3,1
4,4,9.484528042314544,3,1
5,5,9.407109045906028,3,1
0,0,8.758177124099928,3,2
1,1,7.912151930164836,3,2
2,2,7.5836604138338,3,2
3,3,7.647429107435297,3,2
4,4,9.293629582448151,3,2
5,5,9.358264136979113,3,2
0,0,9.033693603863576,3,3
1,1,8.768246687503547,3,3
2,2,8.858746182626641,3,3
3,3,8.80619335892952,3,3
4,4,9.395744562853634,3,3
5,5,9.478874391830969,3,3
0,0,9.033693603863576,3,4
1,1,8.739395953493183,3,4
2,2,7.484864790782172,3,4
3,3,7.626308023328198,3,4
4,4,9.327193707747767,3,4
5,5,9.358264136979113,3,4
0,0,9.033693603863576,3,5
1,1,8.790070194188049,3,5
2,2,8.269657487200622,3,5
3,3,8.575097618220815,3,5
4,4,9.479125555934266,3,5
5,5,9.478874391830969,3,5
0,0,9.033693603863576,3,6
1,1,8.805342947292127,3,6
2,2,8.087433705952392,3,6
3,3,9.135205275770637,3,6
4,4,9.607968558928196,3,6
5,5,9.473285709729797,3,6
0,0,9.033693603863576,3,7
1,1,8.790070194188049,3,7
2,2,8.579660295417709,3,7
3,3,9.157343565295035,3,7
4,4,9.455525543605587,3,7
5,5,9.406149671974037,3,7
0,0,9.033693603863576,3,8
1,1,8.167713363783703,3,8
2,2,8.129882890717926,3,8
3,3,8.517226529107571,3,8
4,4,9.581553926489349,3,8
5,5,9.478874391830969,3,8
0,0,9.001881730992766,3,9
1,1,8.25629557855134,3,9
2,2,7.72367168204753,3,9
3,3,8.50652282562358,3,9
4,4,9.323597727177619,3,9
5,5,9.444586953679437,3,9
0,0,8.60933313317916,3,10
1,1,7.564017557657586,3,10
2,2,6.844748252260121,3,10
3,3,7.956665278547377,3,10
4,4,9.48681386627281,3,10
5,5,9.478874391830969,3,10
0,0,8.39804306064881,3,11
1,1,8.309809956499944,3,11
2,2,7.812262350500332,3,11
3,3,8.98425729335209,3,11
4,4,9.449919280018875,3,11
5,5,9.478874391830969,3,11
0,0,8.422843386520077,3,12
1,1,7.674126735850402,3,12
2,2,7.232394524047405,3,12
3,3,7.964531865863804,3,12
4,4,9.180401752887422,3,12
5,5,9.478874391830969,3,12
0,0,8.93682367968285,3,13
1,1,8.994842520014453,3,13
2,2,8.888149728849013,3,13
3,3,9.001277772784368,3,13
4,4,9.515463335354074,3,13
5,5,9.467271096011041,3,13
0,0,9.033693603863576,3,14
1,1,8.167713363783703,3,14
2,2,7.94682318692589,3,14
3,3,9.007831113653301,3,14
4,4,9.477975058668,3,14
5,5,9.478874391830969,3,14
0,0,8.976828423403067,3,15
1,1,8.710545219482821,3,15
2,2,8.480174729346581,3,15
3,3,8.84042629684922,3,15
4,4,9.58165019774016,3,15
5,5,9.478874391830969,3,15
0,0,9.033693603863576,3,16
1,1,8.62839971748157,3,16
2,2,7.632045878956307,3,16
3,3,8.443122870726386,3,16
4,4,9.388776421365941,3,16
5,5,9.389842544281901,3,16
0,0,9.033693603863576,3,17
1,1,8.805342947292127,3,17
2,2,8.423623290346905,3,17
3,3,9.161165690854991,3,17
4,4,9.506568134425121,3,17
5,5,9.429310749933366,3,17
0,0,9.033693603863576,3,18
1,1,8.770700072804381,3,18
2,2,8.112561320518159,3,18
3,3,8.209145945909196,3,18
4,4,9.465460122965988,3,18
5,5,9.478874391830969,3,18
0,0,9.033693603863576,3,19
1,1,8.997604772167033,3,19
2,2,8.762356950619896,3,19
3,3,9.039310273820863,3,19
4,4,9.517928035459263,3,19
5,5,9.478874391830969,3,19
0,0,9.033693603863576,3,20
1,1,8.773163697817079,3,20
2,2,8.818442285219444,3,20
3,3,8.543739249244853,3,20
4,4,9.508439746971987,3,20
5,5,9.478874391830969,3,20
0,0,9.013628744269944,3,21
1,1,8.742955941330253,3,21
2,2,8.51763356064823,3,21
3,3,8.653797154459967,3,21
4,4,9.517025002622535,3,21
5,5,9.493403686817222,3,21
0,0,9.033693603863576,3,22
1,1,8.136258273549815,3,22
2,2,8.083746861146695,3,22
3,3,8.432080169150897,3,22
4,4,9.387228837367397,3,22
5,5,9.478874391830969,3,22
0,0,9.033693603863576,3,23
1,1,8.805342947292127,3,23
2,2,8.794095467225837,3,23
3,3,8.789942204151048,3,23
4,4,9.335899362533242,3,23
5,5,9.380203531982488,3,23
0,0,9.076555712803836,3,24
1,1,8.99708200138605,3,24
2,2,8.848066198684199,3,24
3,3,8.83658189966651,3,24
4,4,9.557266577725557,3,24
5,5,9.444586953679437,3,24
0,0,9.033693603863576,3,25
1,1,8.768246687503547,3,25
2,2,8.464331242334277,3,25
3,3,8.707797419955968,3,25
4,4,9.22163159880928,3,25
5,5,9.478874391830969,3,25
0,0,8.888784646732423,3,26
1,1,8.25047546401847,3,26
2,2,7.676790509901695,3,26
3,3,8.452219207657109,3,26
4,4,9.36547722158234,3,26
5,5,9.383028121273952,3,26
0,0,9.033693603863576,3,27
1,1,8.768246687503547,3,27
2,2,8.099500841971162,3,27
3,3,8.501848377872838,3,27
4,4,9.528501139175763,3,27
5,5,9.546013061951882,3,27
0,0,8.377097528971914,3,28
1,1,7.745244806401683,3,28
2,2,7.1978584563266566,3,28
3,3,7.922973785212538,3,28
4,4,9.043852595487404,3,28
5,5,9.444586953679437,3,28
0,0,8.95452901119642,3,29
1,1,8.802274271135879,3,29
2,2,8.365026649774139,3,29
3,3,8.74664051331197,3,29
4,4,9.3573218168223,3,29
5,5,9.390713048604374,3,29
0,0,8.976828423403067,3,30
1,1,8.739109993928844,3,30
2,2,8.105838968673478,3,30
3,3,8.502442536080432,3,30
4,4,9.713424516808798,3,30
5,5,9.578973909114797,3,30
0,0,9.033693603863576,3,31
1,1,8.52973816472759,3,31
2,2,8.841355815764475,3,31
3,3,8.784445846877128,3,31
4,4,9.474591384044615,3,31
5,5,9.478874391830969,3,31
0,0,8.581050927723414,3,32
1,1,7.829671459512962,3,32
2,2,7.280212316482056,3,32
3,3,8.373117094541893,3,32
4,4,9.493518644898527,3,32
5,5,9.478874391830969,3,32
0,0,9.047408189387795,3,33
1,1,8.360493418548964,3,33
2,2,8.031297858917396,3,33
3,3,9.238551861051292,3,33
4,4,9.3881842932551,3,33
5,5,9.410529395957575,3,33
0,0,9.013628744269944,3,34
1,1,9.15192555669477,3,34
2,2,8.663888122774354,3,34
3,3,9.281402882476863,3,34
4,4,9.45906585311167,3,34
5,5,9.417874888550088,3,34
0,0,9.033693603863576,3,35
1,1,8.942364208201885,3,35
2,2,8.765020203692814,3,35
3,3,8.593881135046464,3,35
4,4,9.402822055821531,3,35
5,5,9.457941132424423,3,35
0,0,9.013628744269944,3,36
1,1,8.58847528511752,3,36
2,2,8.016376571139524,3,36
3,3,8.439060669573172,3,36
4,4,9.337813053631523,3,36
5,5,9.416674319905367,3,36
0,0,9.058572401911206,3,37
1,1,8.21529322473894,3,37
2,2,7.78972830933728,3,37
3,3,8.243082032025384,3,37
4,4,9.44078009470659,3,37
5,5,9.478874391830969,3,37
0,0,9.050253437849786,3,38
1,1,9.05666579366498,3,38
2,2,8.852322168495604,3,38
3,3,8.808912045086391,3,38
4,4,9.585539122127013,3,38
5,5,9.478874391830969,3,38
0,0,9.033693603863576,3,39
1,1,8.790070194188049,3,39
2,2,8.151236117654863,3,39
3,3,8.974111840356024,3,39
4,4,9.35927198114605,3,39
5,5,9.478874391830969,3,39
0,0,8.699877125725388,3,40
1,1,8.095155801530892,3,40
2,2,7.784048828369201,3,40
3,3,8.70074643815315,3,40
4,4,9.372166043438291,3,40
5,5,9.442193232662262,3,40
0,0,9.033693603863576,3,41
1,1,8.167713363783703,3,41
2,2,7.880740626061697,3,41
3,3,8.377045504161089,3,41
4,4,9.265110827614176,3,41
5,5,9.364663614693454,3,41
0,0,9.047408189387795,3,42
1,1,8.360493418548964,3,42
2,2,8.031297858917396,3,42
3,3,8.52180727899005,3,42
4,4,9.279833366472186,3,42
5,5,9.507411889344954,3,42
0,0,9.033693603863576,3,43
1,1,8.790070194188049,3,43
2,2,8.277929198748376,3,43
3,3,8.318668184471681,3,43
4,4,9.403916342407246,3,43
5,5,9.478874391830969,3,43
0,0,9.05514473783668,3,44
1,1,8.581306737149605,3,44
2,2,8.338373957284041,3,44
3,3,9.201630777265619,3,44
4,4,9.48681386627281,3,44
5,5,9.478874391830969,3,44
0,0,9.033693603863576,3,45
1,1,8.629878736814323,3,45
2,2,8.11675412909111,3,45
3,3,8.527395242864378,3,45
4,4,9.380027825282871,3,45
5,5,9.361895596670452,3,45
0,0,9.033693603863576,3,46
1,1,8.054201712734285,3,46
2,2,6.983467676451102,3,46
3,3,7.9490032328934745,3,46
4,4,9.467281001075836,3,46
5,5,9.442193232662262,3,46
0,0,8.976828423403067,3,47
1,1,8.933011533002436,3,47
2,2,8.632078236918836,3,47
3,3,8.69343753391725,3,47
4,4,9.22163159880928,3,47
5,5,9.478874391830969,3,47
0,0,8.826005804402774,3,48
1,1,8.543898979395466,3,48
2,2,8.2022153486657,3,48
3,3,8.407258085675979,3,48
4,4,9.229798352367451,3,48
5,5,9.507411889344954,3,48
0,0,9.136544370527792,3,49
1,1,8.811745750428445,3,49
2,2,8.03759529786226,3,49
3,3,8.329499665570507,3,49
4,4,9.48681386627281,3,49
5,5,9.478874391830969,3,49
0,0,8.932726263928297,3,50
1,1,8.466550332618285,3,50
2,2,8.778568461403248,3,50
3,3,8.381047004290396,3,50
4,4,9.457845100161407,3,50
5,5,9.478874391830969,3,50
0,0,9.033693603863576,3,51
1,1,8.693988032601906,3,51
2,2,8.80343346988772,3,51
3,3,9.254581037611548,3,51
4,4,9.531119883020004,3,51
5,5,9.478874391830969,3,51
0,0,9.058572401911206,3,52
1,1,8.452818407385466,3,52
2,2,8.036175232586563,3,52
3,3,8.428179043754708,3,52
4,4,9.283313935032073,3,52
5,5,9.43311984174156,3,52
0,0,9.033693603863576,3,53
1,1,8.717267119773501,3,53
2,2,8.47012525742568,3,53
3,3,8.600849442747778,3,53
4,4,9.572628964614484,3,53
5,5,9.507411889344954,3,53
0,0,8.581050927723414,3,54
1,1,7.505365868512435,3,54
2,2,7.097331122886259,3,54
3,3,8.82693445440179,3,54
4,4,9.22163159880928,3,54
5,5,9.478874391830969,3,54
0,0,8.437399067478175,3,55
1,1,8.107039281500455,3,55
2,2,7.705134885352173,3,55
3,3,8.060898610395972,3,55
4,4,9.517928035459263,3,55
5,5,9.478874391830969,3,55
0,0,9.033693603863576,3,56
1,1,8.15531626793818,3,56
2,2,7.645653804818805,3,56
3,3,8.784445846877128,3,56
4,4,9.474591384044615,3,56
5,5,9.478874391830969,3,56
0,0,9.02460971148381,3,57
1,1,9.040172527260966,3,57
2,2,8.613762529622653,3,57
3,3,8.463959391862504,3,57
4,4,9.599869412629712,3,57
5,5,9.478874391830969,3,57
0,0,8.434517429626883,3,58
1,1,7.536510350291647,3,58
2,2,7.054433721937301,3,58
3,3,8.29482535719102,3,58
4,4,9.290066856099507,3,58
5,5,9.462844257826365,3,58
0,0,8.957665894481996,3,59
1,1,8.544521550837949,3,59
2,2,7.812916532910461,3,59
3,3,8.509023019510737,3,59
4,4,9.325436273780676,3,59
5,5,9.384965796045025,3,59
0,0,9.033693603863576,3,60
1,1,8.764590094058446,3,60
2,2,8.872455562216718,3,60
3,3,8.75509045428312,3,60
4,4,9.465451405661465,3,60
5,5,9.478874391830969,3,60
0,0,8.997420309681157,3,61
1,1,8.947186717555022,3,61
2,2,8.500603090238535,3,61
3,3,8.484014317773875,3,61
4,4,9.500036418070763,3,61
5,5,9.470652900407119,3,61
0,0,9.001881730992766,3,62
1,1,8.056786436828222,3,62
2,2,7.73846795793089,3,62
3,3,8.4848814617594,3,62
4,4,9.479604221804482,3,62
5,5,9.478874391830969,3,62
0,0,9.033693603863576,3,63
1,1,8.167713363783703,3,63
2,2,7.964865620857988,3,63
3,3,8.691395650902335,3,63
4,4,9.494412352990338,3,63
5,5,9.31349475330339,3,63
0,0,9.033693603863576,3,64
1,1,8.790070194188049,3,64
2,2,7.880740626061697,3,64
3,3,8.503107969005349,3,64
4,4,9.112453563405223,3,64
5,5,9.373750275423863,3,64
0,0,8.581050927723414,3,65
1,1,7.764377382282791,3,65
2,2,7.200807799212532,3,65
3,3,8.725725289779161,3,65
4,4,9.440151594139692,3,65
5,5,9.507411889344954,3,65
0,0,8.976828423403067,3,66
1,1,7.963327545902851,3,66
2,2,7.670218059677702,3,66
3,3,8.01008510558283,3,66
4,4,9.1956632997597,3,66
5,5,9.276025644613856,3,66
0,0,9.017682513378606,3,67
1,1,8.498638791270855,3,67
2,2,7.57579852825704,3,67
3,3,8.063371835233006,3,67
4,4,9.518212008592158,3,67
5,5,9.478874391830969,3,67
0,0,9.001881730992766,3,68
1,1,8.76790463255836,3,68
2,2,7.848802285025066,3,68
3,3,8.255070227266085,3,68
4,4,9.681913396468456,3,68
5,5,9.478874391830969,3,68
0,0,9.033693603863576,3,69
1,1,8.15531626793818,3,69
2,2,7.672146233732484,3,69
3,3,8.804898151380609,3,69
4,4,9.598282446139077,3,69
5,5,9.578973909114797,3,69
0,0,9.033693603863576,3,70
1,1,8.148540144303487,3,70
2,2,7.883616222114441,3,70
3,3,8.539930461886632,3,70
4,4,9.542742624776771,3,70
5,5,9.478874391830969,3,70
0,0,9.033693603863576,3,71
1,1,8.768246687503547,3,71
2,2,8.423623290346905,3,71
3,3,8.161734579821717,3,71
4,4,9.418914948197937,3,71
5,5,9.478874391830969,3,71
0,0,9.033693603863576,3,72
1,1,8.269184226601663,3,72
2,2,7.358277376220641,3,72
3,3,7.750856153687753,3,72
4,4,9.512106722126731,3,72
5,5,9.478874391830969,3,72
0,0,9.008645112441533,3,73
1,1,8.806678600447631,3,73
2,2,8.649343971881178,3,73
3,3,8.668007048003686,3,73
4,4,9.48681386627281,3,73
5,5,9.478874391830969,3,73
0,0,8.800278748124331,3,74
1,1,7.738555841882495,3,74
2,2,7.854808391193987,3,74
3,3,7.840200620505634,3,74
4,4,9.39595346538935,3,74
5,5,9.478874391830969,3,74
0,0,9.013628744269944,3,75
1,1,8.274749666120613,3,75
2,2,8.258794177454499,3,75
3,3,9.234946595947786,3,75
4,4,9.785529605462234,3,75
5,5,9.578973909114797,3,75
0,0,9.013628744269944,3,76
1,1,8.582817068453542,3,76
2,2,8.168873191480435,3,76
3,3,8.739910175744031,3,76
4,4,9.458451131075767,3,76
5,5,9.417034870833515,3,76
0,0,9.033693603863576,3,77
1,1,8.805342947292127,3,77
2,2,8.573574896092282,3,77
3,3,8.860338091049204,3,77
4,4,9.53680542068051,3,77
5,5,9.478874391830969,3,77
0,0,9.013628744269944,3,78
1,1,8.515923498667533,3,78
2,2,7.820094093875743,3,78
3,3,8.78258624994096,3,78
4,4,9.47214417725242,3,78
5,5,9.478874391830969,3,78
0,0,9.033693603863576,3,79
1,1,8.832041337817833,3,79
2,2,8.084498547033247,3,79
3,3,8.080988075987609,3,79
4,4,9.581553926489349,3,79
5,5,9.478874391830969,3,79
0,0,9.033693603863576,3,80
1,1,8.872271899287668,3,80
2,2,8.849477476873835,3,80
3,3,8.984083506424835,3,80
4,4,9.449919280018875,3,80
5,5,9.478874391830969,3,80
0,0,8.663821791092275,3,81
1,1,8.05809142156461,3,81
2,2,7.591496072435796,3,81
3,3,8.754376364481837,3,81
4,4,9.517928035459263,3,81
5,5,9.478874391830969,3,81
0,0,9.102713426554095,3,82
1,1,8.618564091693441,3,82
2,2,8.218779715666289,3,82
3,3,9.10602500706373,3,82
4,4,9.618184898770073,3,82
5,5,9.507411889344954,3,82
0,0,9.033693603863576,3,83
1,1,7.836539616148069,3,83
2,2,7.230523834407194,3,83
3,3,8.457412074653028,3,83
4,4,9.473125614189327,3,83
5,5,9.478874391830969,3,83
0,0,8.489365792233647,3,84
1,1,7.739379787146056,3,84
2,2,6.943159505760239,3,84
3,3,8.058123752595463,3,84
4,4,9.393569537180552,3,84
5,5,9.384965796045025,3,84
0,0,9.013628744269944,3,85
1,1,8.764886055333376,3,85
2,2,8.51763356064823,3,85
3,3,9.042138869291167,3,85
4,4,9.5000801505578,3,85
5,5,9.478874391830969,3,85
0,0,9.033693603863576,3,86
1,1,8.597178392700542,3,86
2,2,7.473447563606686,3,86
3,3,8.242408290758833,3,86
4,4,9.22163159880928,3,86
5,5,9.478874391830969,3,86
0,0,8.861151663427243,3,87
1,1,7.773055489617986,3,87
2,2,7.322662570875709,3,87
3,3,8.775242010251462,3,87
4,4,9.22163159880928,3,87
5,5,9.478874391830969,3,87
0,0,9.033693603863576,3,88
1,1,8.787829181649778,3,88
2,2,7.780239935788519,3,88
3,3,7.8681398319721305,3,88
4,4,9.355883616041659,3,88
5,5,9.442193232662262,3,88
0,0,8.95452901119642,3,89
1,1,7.87050153329429,3,89
2,2,7.406743034019195,3,89
3,3,8.378787278641465,3,89
4,4,9.618184898770073,3,89
5,5,9.507411889344954,3,89
0,0,8.95452901119642,3,90
1,1,8.399091860705175,3,90
2,2,7.506168834989056,3,90
3,3,8.35026513664936,3,90
4,4,9.48681386627281,3,90
5,5,9.478874391830969,3,90
0,0,9.001881730992766,3,91
1,1,8.820335820911758,3,91
2,2,8.550586255036817,3,91
3,3,8.82588421822096,3,91
4,4,9.525780060888536,3,91
5,5,9.478874391830969,3,91
0,0,9.033693603863576,3,92
1,1,8.46003524570378,3,92
2,2,8.144570640496589,3,92
3,3,8.265400954805806,3,92
4,4,9.430821475695385,3,92
5,5,9.478874391830969,3,92
0,0,9.001881730992766,3,93
1,1,8.946982844998233,3,93
2,2,8.42434811203038,3,93
3,3,8.635688176996332,3,93
4,4,9.42664038842233,3,93
5,5,9.35256142419288,3,93
0,0,9.033693603863576,3,94
1,1,8.26806147409305,3,94
2,2,8.205790277793497,3,94
3,3,8.81899486639305,3,94
4,4,9.36658536291279,3,94
5,5,9.384965796045025,3,94
0,0,8.919593355291344,3,95
1,1,7.975544970203502,3,95
2,2,7.553119287564608,3,95
3,3,7.9961963779804845,3,95
4,4,9.558197609775975,3,95
5,5,9.507411889344954,3,95
0,0,9.033693603863576,3,96
1,1,8.7556013144169,3,96
2,2,8.011701236201008,3,96
3,3,8.681761532398202,3,96
4,4,9.468714939846912,3,96
5,5,9.473285709729797,3,96
0,0,9.033693603863576,3,97
1,1,8.405353904687537,3,97
2,2,8.55856197884974,3,97
3,3,8.808205345124758,3,97
4,4,9.581553926489349,3,97
5,5,9.478874391830969,3,97
0,0,9.013410945832105,3,98
1,1,8.780062487604036,3,98
2,2,8.55697306568931,3,98
3,3,8.639980596150384,3,98
4,4,9.654616900182099,3,98
5,5,9.478874391830969,3,98
0,0,9.018887283526638,3,99
1,1,9.029962302539232,3,99
2,2,9.05189785262418,3,99
3,3,9.212573950440436,3,99
4,4,9.588253542524866,3,99
5,5,9.478874391830969,3,99
0,0,9.033693603863576,4,0
1,1,8.768246687503547,4,0
2,2,8.102198737234067,4,0
3,3,7.882031481616115,4,0
4,4,8.993825516776752,4,0
5,5,9.364039558878645,4,0
0,0,9.090699792989941,4,1
1,1,8.98594723242305,4,1
2,2,8.105805426347061,4,1
3,3,7.412623433226492,4,1
4,4,8.445745969501068,4,1
5,5,9.442193232662262,4,1
0,0,9.033693603863576,4,2
1,1,8.872271899287668,4,2
2,2,8.4667697549439,4,2
3,3,8.276427872930324,4,2
4,4,8.50540003246311,4,2
5,5,9.478874391830969,4,2
0,0,8.581050927723414,4,3
1,1,7.581694449212681,4,3
2,2,7.359153324854193,4,3
3,3,7.940203904158716,4,3
4,4,8.141184786992927,4,3
5,5,9.442193232662262,4,3
0,0,9.033693603863576,4,4
1,1,8.342246750630693,4,4
2,2,7.822881801121391,4,4
3,3,7.470716862215281,4,4
4,4,8.534269400398419,4,4
5,5,9.444586953679437,4,4
0,0,9.033693603863576,4,5
1,1,8.167713363783703,4,5
2,2,8.108356851636174,4,5
3,3,8.343778468101736,4,5
4,4,9.0210700953524,4,5
5,5,9.478874391830969,4,5
0,0,9.033693603863576,4,6
1,1,8.768246687503547,4,6
2,2,7.869854277409458,4,6
3,3,7.415585780025965,4,6
4,4,8.595886669214742,4,6
5,5,9.507411889344954,4,6
0,0,9.04649435895746,4,7
1,1,8.889788926873514,4,7
2,2,8.519531425948415,4,7
3,3,7.435071586581177,4,7
4,4,8.656740916254071,4,7
5,5,9.417874888550088,4,7
0,0,9.047408189387795,4,8
1,1,8.866776190183218,4,8
2,2,8.645545011528887,4,8
3,3,8.074231568000865,4,8
4,4,8.770734880623973,4,8
5,5,9.477656834597283,4,8
0,0,9.033693603863576,4,9
1,1,8.805342947292127,4,9
2,2,8.087433705952392,4,9
3,3,7.734706125667617,4,9
4,4,8.457817205740088,4,9
5,5,9.478874391830969,4,9
0,0,9.033693603863576,4,10
1,1,8.607299746028696,4,10
2,2,8.304688731623067,4,10
3,3,8.183706462509054,4,10
4,4,7.926933428610143,4,10
5,5,9.478874391830969,4,10
0,0,9.033693603863576,4,11
1,1,8.46003524570378,4,11
2,2,8.777815827626071,4,11
3,3,9.07359139454833,4,11
4,4,8.749159134543333,4,11
5,5,9.478874391830969,4,11
0,0,8.950427206256954,4,12
1,1,8.7942563107933,4,12
2,2,8.45088700949574,4,12
3,3,8.339241901561776,4,12
4,4,8.763887468288397,4,12
5,5,9.478874391830969,4,12
0,0,9.050253437849786,4,13
1,1,8.720701466971809,4,13
2,2,8.195824815317449,4,13
3,3,8.115950436626319,4,13
4,4,8.441480989089953,4,13
5,5,9.561257680465824,4,13
0,0,8.40371863178154,4,14
1,1,7.777576145780709,4,14
2,2,7.041953576690456,4,14
3,3,7.238800882660222,4,14
4,4,7.906435614926911,4,14
5,5,9.478874391830969,4,14
0,0,9.033693603863576,4,15
1,1,8.768246687503547,4,15
2,2,7.8640429634641675,4,15
3,3,8.190413557220477,4,15
4,4,8.85930508794728,4,15
5,5,9.478874391830969,4,15
0,0,9.033693603863576,4,16
1,1,8.790070194188049,4,16
2,2,7.914372829646768,4,16
3,3,7.661265285337639,4,16
4,4,8.610108668426303,4,16
5,5,9.63742401636608,4,16
0,0,9.033693603863576,4,17
1,1,8.159300054450753,4,17
2,2,7.275637433698765,4,17
3,3,6.929309452829312,4,17
4,4,8.07836086232066,4,17
5,5,9.398227718536743,4,17
0,0,8.997420309681157,4,18
1,1,9.016270815422445,4,18
2,2,8.694792329307065,4,18
3,3,8.313972433206466,4,18
4,4,8.16523160801263,4,18
5,5,9.43311984174156,4,18
0,0,9.033693603863576,4,19
1,1,8.790070194188049,4,19
2,2,8.614025746613331,4,19
3,3,8.26107969084534,4,19
4,4,8.565020255315774,4,19
5,5,9.473285709729797,4,19
0,0,8.997420309681157,4,20
1,1,8.805102685442717,4,20
2,2,8.309370248188554,4,20
3,3,8.047096697572945,4,20
4,4,8.580573602808965,4,20
5,5,9.478874391830969,4,20
0,0,9.12809576732125,4,21
1,1,8.82439553753448,4,21
2,2,8.675077320198355,4,21
3,3,8.086694799573271,4,21
4,4,8.94609644782908,4,21
5,5,9.507411889344954,4,21
0,0,8.95452901119642,4,22
1,1,8.709634544851731,4,22
2,2,7.894810039681193,4,22
3,3,7.334633628628022,4,22
4,4,8.021755101626425,4,22
5,5,9.35256142419288,4,22
0,0,9.033693603863576,4,23
1,1,8.768246687503547,4,23
2,2,7.997520776577684,4,23
3,3,7.167630358745804,4,23
4,4,8.758131593558103,4,23
5,5,9.478874391830969,4,23
0,0,9.033693603863576,4,24
1,1,8.73607713588216,4,24
2,2,8.45532667221339,4,24
3,3,7.818475268565188,4,24
4,4,8.620848539732973,4,24
5,5,9.355219202326845,4,24
0,0,9.047408189387795,4,25
1,1,8.98662486527224,4,25
2,2,8.765125537803609,4,25
3,3,8.220449147859608,4,25
4,4,8.24744287311241,4,25
5,5,9.473285709729797,4,25
0,0,9.024216568891296,4,26
1,1,7.9910891498103025,4,26
2,2,7.752144758539654,4,26
3,3,7.798393835042404,4,26
4,4,8.541769790511957,4,26
5,5,9.507411889344954,4,26
0,0,8.500764925904381,4,27
1,1,8.24371164281608,4,27
2,2,7.411467428278487,4,27
3,3,7.153447159090083,4,27
4,4,8.571827096558906,4,27
5,5,9.478874391830969,4,27
0,0,9.047408189387795,4,28
1,1,8.9638547666081,4,28
2,2,9.006884024699938,4,28
3,3,8.911864228088039,4,28
4,4,8.349811955851905,4,28
5,5,9.478874391830969,4,28
0,0,9.033693603863576,4,29
1,1,8.12578805277968,4,29
2,2,7.079519650768587,4,29
3,3,7.174491021466483,4,29
4,4,8.16606863841297,4,29
5,5,9.478874391830969,4,29
0,0,8.976828423403067,4,30
1,1,8.168932358551478,4,30
2,2,7.502592372074883,4,30
3,3,6.945760704829407,4,30
4,4,8.40331338411195,4,30
5,5,9.478874391830969,4,30
0,0,9.033693603863576,4,31
1,1,7.817732538996325,4,31
2,2,7.63827786002103,4,31
3,3,7.537805881494233,4,31
4,4,8.113892312658706,4,31
5,5,9.478874391830969,4,31
0,0,9.050253437849786,4,32
1,1,8.986314987135742,4,32
2,2,9.063798877204244,4,32
3,3,8.48019235383996,4,32
4,4,8.111559546178098,4,32
5,5,9.478874391830969,4,32
0,0,9.001881730992766,4,33
1,1,8.18912722755422,4,33
2,2,7.395948364067198,4,33
3,3,7.510118720736326,4,33
4,4,8.362354760041526,4,33
5,5,9.478874391830969,4,33
0,0,9.033693603863576,4,34
1,1,7.994466982037523,4,34
2,2,7.129011401493841,4,34
3,3,7.133978063976635,4,34
4,4,8.07494893082165,4,34
5,5,9.417874888550088,4,34
0,0,8.53884638551806,4,35
1,1,8.055735476363308,4,35
2,2,7.4090230454576655,4,35
3,3,7.466407910183477,4,35
4,4,8.75876279912977,4,35
5,5,9.478874391830969,4,35
0,0,9.025247148773447,4,36
1,1,8.917806086781626,4,36
2,2,8.305103812692458,4,36
3,3,8.449248854176727,4,36
4,4,9.27011405611676,4,36
5,5,9.478874391830969,4,36
0,0,8.581050927723414,4,37
1,1,7.55172488150418,4,37
2,2,7.221710737387392,4,37
3,3,7.208573320671146,4,37
4,4,7.886872228520662,4,37
5,5,9.478874391830969,4,37
0,0,8.663101260357932,4,38
1,1,8.051883678821588,4,38
2,2,7.621049450657362,4,38
3,3,7.474478783610189,4,38
4,4,8.088190607267997,4,38
5,5,9.478874391830969,4,38
0,0,8.78817096666902,4,39
1,1,7.963230334786562,4,39
2,2,7.52117336482472,4,39
3,3,7.268997776399091,4,39
4,4,8.186734097442548,4,39
5,5,9.478874391830969,4,39
0,0,8.50207052794625,4,40
1,1,8.376884090915732,4,40
2,2,7.805632984320343,4,40
3,3,7.713076772007327,4,40
4,4,8.791385435423624,4,40
5,5,9.394412673105169,4,40
0,0,9.033693603863576,4,41
1,1,8.212004471167521,4,41
2,2,8.101109920125982,4,41
3,3,7.631034363076535,4,41
4,4,8.053501028928064,4,41
5,5,9.478874391830969,4,41
0,0,9.033693603863576,4,42
1,1,8.189858797686135,4,42
2,2,7.660616856744676,4,42
3,3,7.277295461196775,4,42
4,4,8.040667368986577,4,42
5,5,9.417034870833515,4,42
0,0,8.99618073252527,4,43
1,1,8.975765826346729,4,43
2,2,8.509705323867104,4,43
3,3,7.835297764043125,4,43
4,4,8.911897550525582,4,43
5,5,9.478874391830969,4,43
0,0,9.033693603863576,4,44
1,1,8.805342947292127,4,44
2,2,8.823065396648063,4,44
3,3,8.447984968795607,4,44
4,4,8.982533633777072,4,44
5,5,9.384965796045025,4,44
0,0,8.581050927723414,4,45
1,1,7.505365868512435,4,45
2,2,7.072560769873114,4,45
3,3,7.1619753063437,4,45
4,4,8.41495784688978,4,45
5,5,9.478874391830969,4,45
0,0,8.997420309681157,4,46
1,1,8.63196374194745,4,46
2,2,8.33741280397698,4,46
3,3,8.131152870231574,4,46
4,4,8.332048456634055,4,46
5,5,9.361895596670452,4,46
0,0,9.076487412304738,4,47
1,1,8.992063895168203,4,47
2,2,8.906860201429552,4,47
3,3,7.569065647761117,4,47
4,4,7.954294725556951,4,47
5,5,9.489621503151858,4,47
0,0,8.436182854060434,4,48
1,1,7.939897651510385,4,48
2,2,7.520175474090678,4,48
3,3,7.395887906729233,4,48
4,4,8.118108807028964,4,48
5,5,9.465334260622674,4,48
0,0,8.997420309681157,4,49
1,1,8.434656810169495,4,49
2,2,7.5315228443575535,4,49
3,3,7.285988812460084,4,49
4,4,7.594665720756274,4,49
5,5,9.478874391830969,4,49
0,0,9.033693603863576,4,50
1,1,8.46003524570378,4,50
2,2,7.272938714031514,4,50
3,3,6.368951995880632,4,50
4,4,7.286027172989382,4,50
5,5,9.473285709729797,4,50
0,0,8.581050927723414,4,51
1,1,7.748298259015275,4,51
2,2,8.288950482400148,4,51
3,3,8.150119221954567,4,51
4,4,8.281014306919216,4,51
5,5,9.478874391830969,4,51
0,0,8.997420309681157,4,52
1,1,8.212004231588567,4,52
2,2,8.028551436513698,4,52
3,3,7.718281530088433,4,52
4,4,8.405164963643976,4,52
5,5,9.339447306638153,4,52
0,0,8.997420309681157,4,53
1,1,8.436463887833936,4,53
2,2,7.691809533846707,4,53
3,3,7.424470087786449,4,53
4,4,8.751908234399123,4,53
5,5,9.473285709729797,4,53
0,0,8.375318992700421,4,54
1,1,7.94264873630311,4,54
2,2,7.410250720922544,4,54
3,3,7.106730485376267,4,54
4,4,8.515293499887278,4,54
5,5,9.384965796045025,4,54
0,0,9.033693603863576,4,55
1,1,8.46003524570378,4,55
2,2,8.488804599677554,4,55
3,3,7.848761272842256,4,55
4,4,9.046541494123982,4,55
5,5,9.40729800690912,4,55
0,0,8.932726263928297,4,56
1,1,8.64900974500726,4,56
2,2,8.343956170099428,4,56
3,3,7.399861578997485,4,56
4,4,7.790653432990295,4,56
5,5,9.444586953679437,4,56
0,0,9.033693603863576,4,57
1,1,8.711412802640774,4,57
2,2,8.793548396664214,4,57
3,3,7.768641192199233,4,57
4,4,8.731412397059437,4,57
5,5,9.478874391830969,4,57
0,0,9.033693603863576,4,58
1,1,8.79661951964223,4,58
2,2,8.49655809914748,4,58
3,3,7.503352816555446,4,58
4,4,8.964228117504499,4,58
5,5,9.478874391830969,4,58
0,0,8.768093212287402,4,59
1,1,7.754518665429849,4,59
2,2,7.392815163225435,4,59
3,3,7.475630367934592,4,59
4,4,7.957184954012189,4,59
5,5,9.420775539126966,4,59
0,0,9.033693603863576,4,60
1,1,8.563742508742076,4,60
2,2,8.347400573434646,4,60
3,3,7.2194382478822,4,60
4,4,7.840866697534801,4,60
5,5,9.384965796045025,4,60
0,0,9.033693603863576,4,61
1,1,8.790070194188049,4,61
2,2,7.880740626061697,4,61
3,3,8.144598075408705,4,61
4,4,8.728562117903696,4,61
5,5,9.578973909114797,4,61
0,0,8.581050927723414,4,62
1,1,7.855883820273592,4,62
2,2,8.285138380224735,4,62
3,3,8.01440140424266,4,62
4,4,8.49960479407849,4,62
5,5,9.478874391830969,4,62
0,0,8.976828423403067,4,63
1,1,8.846377735479573,4,63
2,2,7.935848932912198,4,63
3,3,7.495233714706693,4,63
4,4,8.690840836709008,4,63
5,5,9.478874391830969,4,63
0,0,8.997420309681157,4,64
1,1,8.254007418507118,4,64
2,2,7.921241365408906,4,64
3,3,7.740050483913512,4,64
4,4,8.976639885556933,4,64
5,5,9.462844257826365,4,64
0,0,9.033693603863576,4,65
1,1,8.790070194188049,4,65
2,2,8.464331242334277,4,65
3,3,7.700468759722943,4,65
4,4,8.786293042231662,4,65
5,5,9.478874391830969,4,65
0,0,8.95452901119642,4,66
1,1,8.227437355929727,4,66
2,2,7.372792462617479,4,66
3,3,7.107743356141312,4,66
4,4,8.83271070029536,4,66
5,5,9.478874391830969,4,66
0,0,9.033693603863576,4,67
1,1,8.173422974990128,4,67
2,2,7.711895271242117,4,67
3,3,7.7994410988419665,4,67
4,4,8.791484775757635,4,67
5,5,9.478874391830969,4,67
0,0,9.074590579996745,4,68
1,1,8.489191422854999,4,68
2,2,7.94552398137457,4,68
3,3,7.888941556760069,4,68
4,4,8.31226807946738,4,68
5,5,9.478874391830969,4,68
0,0,9.033693603863576,4,69
1,1,8.167713363783703,4,69
2,2,8.087433705952392,4,69
3,3,7.567715671916517,4,69
4,4,8.599765193678094,4,69
5,5,9.355219202326845,4,69
0,0,9.033693603863576,4,70
1,1,8.931004370478554,4,70
2,2,8.394343861627645,4,70
3,3,7.747413426588353,4,70
4,4,8.756964834106792,4,70
5,5,9.478874391830969,4,70
0,0,9.033693603863576,4,71
1,1,8.790070194188049,4,71
2,2,8.613178471077193,4,71
3,3,7.278533276227164,4,71
4,4,8.15886121388344,4,71
5,5,9.369060436676396,4,71
0,0,9.033693603863576,4,72
1,1,8.46003524570378,4,72
2,2,8.108095759245444,4,72
3,3,7.870083192461193,4,72
4,4,8.69302039788411,4,72
5,5,9.478874391830969,4,72
0,0,9.033693603863576,4,73
1,1,8.768246687503547,4,73
2,2,8.642551825721302,4,73
3,3,8.450206696350676,4,73
4,4,8.697385678773232,4,73
5,5,9.478874391830969,4,73
0,0,8.997420309681157,4,74
1,1,8.2383565736963,4,74
2,2,7.75724297672371,4,74
3,3,7.7192855387559645,4,74
4,4,8.509152747972218,4,74
5,5,9.507411889344954,4,74
0,0,9.033693603863576,4,75
1,1,8.790070194188049,4,75
2,2,8.108095759245444,4,75
3,3,8.009543582509027,4,75
4,4,8.151668991183186,4,75
5,5,9.39854495550103,4,75
0,0,9.033693603863576,4,76
1,1,8.167713363783703,4,76
2,2,7.869854277409458,4,76
3,3,7.934011237756789,4,76
4,4,7.86943307432613,4,76
5,5,9.507411889344954,4,76
0,0,8.323699422110392,4,77
1,1,8.058355400914378,4,77
2,2,8.115147938089628,4,77
3,3,7.332623408305953,4,77
4,4,8.565885994760114,4,77
5,5,9.478874391830969,4,77
0,0,8.959791895125166,4,78
1,1,8.147404148481497,4,78
2,2,7.773892938379229,4,78
3,3,7.246211265163615,4,78
4,4,7.924476198180496,4,78
5,5,9.478874391830969,4,78
0,0,8.976828423403067,4,79
1,1,8.49036198283898,4,79
2,2,8.423662163242192,4,79
3,3,7.916817609264992,4,79
4,4,8.263830826087075,4,79
5,5,9.444586953679437,4,79
0,0,9.050253437849786,4,80
1,1,8.884651494794197,4,80
2,2,8.616645707952806,4,80
3,3,7.748221317747417,4,80
4,4,8.43213514796057,4,80
5,5,9.478874391830969,4,80
0,0,9.033693603863576,4,81
1,1,8.46003524570378,4,81
2,2,8.11642417925546,4,81
3,3,7.540865162720389,4,81
4,4,8.588850508105082,4,81
5,5,9.417874888550088,4,81
0,0,8.99920683634668,4,82
1,1,8.296118722512674,4,82
2,2,7.3016384772228635,4,82
3,3,7.1675715409594485,4,82
4,4,7.750967052619793,4,82
5,5,9.478874391830969,4,82
0,0,9.047408189387795,4,83
1,1,8.416214657507036,4,83
2,2,8.031193157987829,4,83
3,3,7.273344497570882,4,83
4,4,8.013066691957585,4,83
5,5,9.349484256026885,4,83
0,0,9.047408189387795,4,84
1,1,8.836925490454883,4,84
2,2,8.738845916933688,4,84
3,3,8.174000333925964,4,84
4,4,8.586124093003354,4,84
5,5,9.478874391830969,4,84
0,0,8.95452901119642,4,85
1,1,9.019988688775952,4,85
2,2,8.163507226260872,4,85
3,3,7.764363586166122,4,85
4,4,8.14536491730133,4,85
5,5,9.478874391830969,4,85
0,0,9.033693603863576,4,86
1,1,8.167713363783703,4,86
2,2,8.059100763501213,4,86
3,3,7.382153329681543,4,86
4,4,8.745921432033821,4,86
5,5,9.49193049230086,4,86
0,0,9.033693603863576,4,87
1,1,8.790070194188049,4,87
2,2,8.794095467225837,4,87
3,3,8.565024063662817,4,87
4,4,8.837434017542675,4,87
5,5,9.478874391830969,4,87
0,0,8.997420309681157,4,88
1,1,8.820283552972025,4,88
2,2,8.63979995542652,4,88
3,3,7.599798896807715,4,88
4,4,8.434644321363177,4,88
5,5,9.43311984174156,4,88
0,0,9.033693603863576,4,89
1,1,8.790070194188049,4,89
2,2,8.599900724047366,4,89
3,3,8.0687363174099,4,89
4,4,8.756751071051191,4,89
5,5,9.462844257826365,4,89
0,0,9.033693603863576,4,90
1,1,8.515191557264034,4,90
2,2,8.235804162477306,4,90
3,3,8.614970966836918,4,90
4,4,8.564535474223602,4,90
5,5,9.427541784336066,4,90
0,0,8.581050927723414,4,91
1,1,8.033885150846759,4,91
2,2,7.484823604742598,4,91
3,3,7.229722744250817,4,91
4,4,7.960724671600702,4,91
5,5,9.444586953679437,4,91
0,0,9.033693603863576,4,92
1,1,8.212004471167521,4,92
2,2,7.94800503323184,4,92
3,3,7.790697056437161,4,92
4,4,8.141048891326394,4,92
5,5,9.478874391830969,4,92
0,0,9.033693603863576,4,93
1,1,8.834428710885698,4,93
2,2,8.353356305636984,4,93
3,3,7.883292378018239,4,93
4,4,8.4246862458606,4,93
5,5,9.417874888550088,4,93
0,0,9.033693603863576,4,94
1,1,8.46003524570378,4,94
2,2,7.694625256055129,4,94
3,3,7.806256072883417,4,94
4,4,8.784753558546964,4,94
5,5,9.395986369846389,4,94
0,0,8.581050927723414,4,95
1,1,7.764377382282791,4,95
2,2,7.432528935627498,4,95
3,3,7.9352120548268665,4,95
4,4,8.015803216711781,4,95
5,5,9.40762749922805,4,95
0,0,9.033693603863576,4,96
1,1,8.167713363783703,4,96
2,2,7.880740626061697,4,96
3,3,8.036578108861278,4,96
4,4,8.624282072762405,4,96
5,5,9.361895596670452,4,96
0,0,9.047408189387795,4,97
1,1,8.98662486527224,4,97
2,2,8.69786664155746,4,97
3,3,8.136299422458709,4,97
4,4,8.164872798242747,4,97
5,5,9.417874888550088,4,97
0,0,9.033693603863576,4,98
1,1,8.790070194188049,4,98
2,2,7.890527264581581,4,98
3,3,7.727431844226853,4,98
4,4,8.668985628104084,4,98
5,5,9.478874391830969,4,98
0,0,9.033693603863576,4,99
1,1,8.745885896459193,4,99
2,2,7.921241365408906,4,99
3,3,7.5604030443449135,4,99
4,4,8.38749540807367,4,99
5,5,9.384965796045025,4,99
0,0,8.970629336055454,5,0
1,1,8.953121411993529,5,0
2,2,8.806714132849953,5,0
3,3,7.692800964679,5,0
4,4,7.194180090183458,5,0
5,5,7.871326085015681,5,0
0,0,9.025247148773447,5,1
1,1,8.712794558498567,5,1
2,2,8.761906235435445,5,1
3,3,8.335510265943698,5,1
4,4,7.5572565141001515,5,1
5,5,8.494459377691161,5,1
0,0,9.050253437849786,5,2
1,1,8.427503305146148,5,2
2,2,7.76654673574156,5,2
3,3,6.979887359622211,5,2
4,4,7.07655041137241,5,2
5,5,8.526605160076224,5,2
0,0,9.033693603863576,5,3
1,1,8.167713363783703,5,3
2,2,8.087433705952392,5,3
3,3,7.71807521829033,5,3
4,4,7.853903183243647,5,3
5,5,7.924426925359299,5,3
0,0,9.033693603863576,5,4
1,1,8.46003524570378,5,4
2,2,8.634123295028315,5,4
3,3,8.102423368853492,5,4
4,4,6.985298273838732,5,4
5,5,8.41157467016783,5,4
0,0,8.997420309681157,5,5
1,1,8.603249092623537,5,5
2,2,8.59983977828536,5,5
3,3,7.9043912549018565,5,5
4,4,7.343049351420397,5,5
5,5,7.97770200723275,5,5
0,0,9.033693603863576,5,6
1,1,8.46003524570378,5,6
2,2,8.099500841971162,5,6
3,3,7.5322663325198835,5,6
4,4,7.439556000149807,5,6
5,5,8.61282674759251,5,6
0,0,9.033693603863576,5,7
1,1,8.269184226601663,5,7
2,2,7.527609643455627,5,7
3,3,7.597209518608497,5,7
4,4,7.088782502171907,5,7
5,5,8.304147288726364,5,7
0,0,9.027252514338215,5,8
1,1,8.640236383158628,5,8
2,2,8.385798119598292,5,8
3,3,8.028779205964858,5,8
4,4,7.280824508811379,5,8
5,5,8.572900372195598,5,8
0,0,8.581050927723414,5,9
1,1,7.902411027918047,5,9
2,2,8.342017207459122,5,9
3,3,7.140343603580469,5,9
4,4,7.319577315491801,5,9
5,5,7.999457021645258,5,9
0,0,8.978368447712583,5,10
1,1,8.287178868235708,5,10
2,2,7.561690117388648,5,10
3,3,7.373612945502511,5,10
4,4,7.319100121240494,5,10
5,5,8.504854601293088,5,10
0,0,9.033693603863576,5,11
1,1,8.764590094058446,5,11
2,2,7.900313903101465,5,11
3,3,7.6203687765499435,5,11
4,4,7.470471731556586,5,11
5,5,8.437246813432802,5,11
0,0,9.050253437849786,5,12
1,1,8.998315910353547,5,12
2,2,8.537219590775443,5,12
3,3,7.959921244169218,5,12
4,4,7.627663217818761,5,12
5,5,8.56174962349876,5,12
0,0,8.957354616349296,5,13
1,1,8.241565516891454,5,13
2,2,7.689764026586558,5,13
3,3,7.5004965910536345,5,13
4,4,7.1713728895473885,5,13
5,5,8.43326620710583,5,13
0,0,9.033693603863576,5,14
1,1,8.87616289614518,5,14
2,2,8.101109920125982,5,14
3,3,7.5860094551128405,5,14
4,4,7.378347889168474,5,14
5,5,8.437550025294495,5,14
0,0,8.957354616349296,5,15
1,1,8.74881507927997,5,15
2,2,8.111750995303714,5,15
3,3,8.163391625577253,5,15
4,4,8.39939016536466,5,15
5,5,8.755750789999512,5,15
0,0,9.007998317931849,5,16
1,1,8.903596492934463,5,16
2,2,8.121927205533135,5,16
3,3,7.409315758027746,5,16
4,4,7.231896618764709,5,16
5,5,8.504854601293088,5,16
0,0,8.976828423403067,5,17
1,1,8.339503822719614,5,17
2,2,7.259441673284019,5,17
3,3,7.6427068437945,5,17
4,4,7.216452422418429,5,17
5,5,7.8030309123019075,5,17
0,0,9.04649435895746,5,18
1,1,8.997929863112939,5,18
2,2,9.110773749362197,5,18
3,3,8.714956769287904,5,18
4,4,8.424410163597832,5,18
5,5,8.766119948164112,5,18
0,0,9.033693603863576,5,19
1,1,8.264103391166334,5,19
2,2,7.752753142444411,5,19
3,3,7.662973288911303,5,19
4,4,7.384755960955075,5,19
5,5,7.789587531249966,5,19
0,0,9.033693603863576,5,20
1,1,8.759916390696896,5,20
2,2,8.510890442200305,5,20
3,3,8.46771865208282,5,20
4,4,8.203331522013462,5,20
5,5,8.098520991021397,5,20
0,0,9.033693603863576,5,21
1,1,8.189858797686135,5,21
2,2,8.093535007249596,5,21
3,3,8.191783691893358,5,21
4,4,7.639985084663904,5,21
5,5,7.762877835166,5,21
0,0,8.437399067478175,5,22
1,1,7.67735099693326,5,22
2,2,7.4272793870679,5,22
3,3,7.526842218843054,5,22
4,4,7.096687685788382,5,22
5,5,7.9581573221454205,5,22
0,0,9.001881730992766,5,23
1,1,8.499193245073869,5,23
2,2,8.285472185979538,5,23
3,3,8.247336760706567,5,23
4,4,7.758584749722941,5,23
5,5,8.137412850876137,5,23
0,0,8.976828423403067,5,24
1,1,8.710545219482821,5,24
2,2,7.89944919325239,5,24
3,3,7.298314860983402,5,24
4,4,7.148991895045679,5,24
5,5,7.866804672436366,5,24
0,0,9.001881730992766,5,25
1,1,7.893401598097959,5,25
2,2,6.922117699568763,5,25
3,3,6.846306686552961,5,25
4,4,6.93847218301286,5,25
5,5,7.728094798984114,5,25
0,0,8.997420309681157,5,26
1,1,8.743093300801899,5,26
2,2,8.690603594024019,5,26
3,3,7.537277473317641,5,26
4,4,7.317539078871794,5,26
5,5,8.139326897317746,5,26
0,0,8.95452901119642,5,27
1,1,8.579226123305185,5,27
2,2,8.522438089835186,5,27
3,3,8.030081596444184,5,27
4,4,8.125884641711453,5,27
5,5,7.592043368050117,5,27
0,0,9.013410945832105,5,28
1,1,8.548362799313276,5,28
2,2,7.799347215268303,5,28
3,3,7.270782146015762,5,28
4,4,7.053678438373321,5,28
5,5,8.299092177853366,5,28
0,0,9.023701298680237,5,29
1,1,8.601491136295678,5,29
2,2,8.091089083487056,5,29
3,3,7.857164929287985,5,29
4,4,7.285278004928244,5,29
5,5,8.504854601293088,5,29
0,0,8.547882551512249,5,30
1,1,7.9678800916669426,5,30
2,2,7.617269790667822,5,30
3,3,7.0223749518082,5,30
4,4,7.219592536430497,5,30
5,5,8.354388235122963,5,30
0,0,9.013628744269944,5,31
1,1,8.764886055333376,5,31
2,2,8.420658345822902,5,31
3,3,7.55023097044674,5,31
4,4,7.43074020833011,5,31
5,5,8.237345352429832,5,31
0,0,9.033693603863576,5,32
1,1,8.986662094752853,5,32
2,2,8.979398264364265,5,32
3,3,8.841397395363268,5,32
4,4,7.863575524099413,5,32
5,5,8.881040666588955,5,32
0,0,9.033693603863576,5,33
1,1,7.960008329785847,5,33
2,2,7.1007491206363795,5,33
3,3,7.016893530215257,5,33
4,4,7.147742847266844,5,33
5,5,8.218198241556887,5,33
0,0,9.033693603863576,5,34
1,1,8.805342947292127,5,34
2,2,8.138879440204523,5,34
3,3,7.376301391780258,5,34
4,4,7.229747659005136,5,34
5,5,8.771756049297668,5,34
0,0,9.033693603863576,5,35
1,1,8.242969398508826,5,35
2,2,8.023792096442321,5,35
3,3,7.466286267649164,5,35
4,4,7.235573573931141,5,35
5,5,8.299092177853366,5,35
0,0,9.014404349573152,5,36
1,1,7.992541702390646,5,36
2,2,7.492323974894816,5,36
3,3,7.4180444225650986,5,36
4,4,7.409239974038915,5,36
5,5,8.504854601293088,5,36
0,0,9.033693603863576,5,37
1,1,8.790070194188049,5,37
2,2,8.464331242334277,5,37
3,3,7.649619932720741,5,37
4,4,7.803965294189024,5,37
5,5,7.766994005434348,5,37
0,0,8.95452901119642,5,38
1,1,8.708745700389777,5,38
2,2,8.25456024096966,5,38
3,3,8.028047828702038,5,38
4,4,7.860422418645018,5,38
5,5,8.372825118961954,5,38
0,0,9.033693603863576,5,39
1,1,8.918633998672162,5,39
2,2,8.643135589761366,5,39
3,3,8.627869623581995,5,39
4,4,7.956461802974672,5,39
5,5,8.18505318241801,5,39
0,0,9.105466584768124,5,40
1,1,9.042598960305943,5,40
2,2,8.728593516593225,5,40
3,3,8.105602599675,5,40
4,4,8.03693898622319,5,40
5,5,8.631185761172524,5,40
0,0,9.050253437849786,5,41
1,1,8.884651494794197,5,41
2,2,8.558995713338055,5,41
3,3,7.419583720389515,5,41
4,4,7.11481976595598,5,41
5,5,8.740254852426713,5,41
0,0,8.95452901119642,5,42
1,1,8.948856091258401,5,42
2,2,8.50927940671235,5,42
3,3,8.463840812886348,5,42
4,4,7.993857427515247,5,42
5,5,8.08235759227281,5,42
0,0,9.033693603863576,5,43
1,1,8.435971722031965,5,43
2,2,8.073343089875243,5,43
3,3,7.339088746224433,5,43
4,4,7.123133929013687,5,43
5,5,8.861870997866257,5,43
0,0,9.001881730992766,5,44
1,1,8.528772637267252,5,44
2,2,8.242881929642143,5,44
3,3,8.061767980787327,5,44
4,4,8.007076640562662,5,44
5,5,7.584535420870556,5,44
0,0,9.033693603863576,5,45
1,1,8.805342947292127,5,45
2,2,8.462113190292719,5,45
3,3,8.109258461085286,5,45
4,4,8.007076640562662,5,45
5,5,8.066482501328426,5,45
0,0,9.033693603863576,5,46
1,1,8.264103391166334,5,46
2,2,7.749715196338261,5,46
3,3,6.924949890489017,5,46
4,4,7.068422364924103,5,46
5,5,8.142362658059492,5,46
0,0,9.033693603863576,5,47
1,1,8.230245607022729,5,47
2,2,7.098365809382177,5,47
3,3,7.232287943085585,5,47
4,4,7.214123612743724,5,47
5,5,8.50391495436969,5,47
0,0,9.013628744269944,5,48
1,1,9.031925050052196,5,48
2,2,8.666309769683405,5,48
3,3,8.407478703319427,5,48
4,4,7.5649896885498435,5,48
5,5,7.934166455427106,5,48
0,0,8.919593355291344,5,49
1,1,8.052131822646425,5,49
2,2,7.858245631422742,5,49
3,3,7.81515451596065,5,49
4,4,7.298464856759743,5,49
5,5,8.47093627539428,5,49
0,0,9.033693603863576,5,50
1,1,8.805342947292127,5,50
2,2,8.525819730614307,5,50
3,3,8.418086562279353,5,50
4,4,7.929116689028071,5,50
5,5,7.9152495989298775,5,50
0,0,9.033693603863576,5,51
1,1,8.790070194188049,5,51
2,2,8.823065396648063,5,51
3,3,8.540690546836316,5,51
4,4,8.332963308478128,5,51
5,5,8.70836339015864,5,51
0,0,9.033693603863576,5,52
1,1,8.455395343546643,5,52
2,2,7.689764026586558,5,52
3,3,7.0506766252982445,5,52
4,4,7.096640538136447,5,52
5,5,8.263343116303917,5,52
0,0,8.95452901119642,5,53
1,1,8.142919172092656,5,53
2,2,8.030767821050034,5,53
3,3,7.382153329681543,5,53
4,4,7.781470191727336,5,53
5,5,8.579033924602085,5,53
0,0,9.001881730992766,5,54
1,1,9.03984342152145,5,54
2,2,8.80256460534694,5,54
3,3,8.72438266223463,5,54
4,4,8.109822643347968,5,54
5,5,9.083160713321863,5,54
0,0,8.581050927723414,5,55
1,1,7.748298259015275,5,55
2,2,6.9429906291267685,5,55
3,3,7.43088931135997,5,55
4,4,6.531319469998415,5,55
5,5,8.24189842395842,5,55
0,0,8.862688252436524,5,56
1,1,7.815402954510297,5,56
2,2,7.312227275486852,5,56
3,3,7.21191812104676,5,56
4,4,6.504978346114987,5,56
5,5,7.640913739412848,5,56
0,0,9.131076600279904,5,57
1,1,8.791494419850457,5,57
2,2,8.589964887191762,5,57
3,3,7.896085765831356,5,57
4,4,7.133114258380342,5,57
5,5,8.442716711251336,5,57
0,0,8.621376497035888,5,58
1,1,8.055735476363308,5,58
2,2,7.749513059550785,5,58
3,3,7.915051368310176,5,58
4,4,6.966194113881217,5,58
5,5,8.41157467016783,5,58
0,0,9.047408189387795,5,59
1,1,8.98662486527224,5,59
2,2,8.185810589236425,5,59
3,3,7.946189714522063,5,59
4,4,7.330203490645619,5,59
5,5,8.299092177853366,5,59
0,0,9.033693603863576,5,60
1,1,8.167713363783703,5,60
2,2,8.087433705952392,5,60
3,3,7.691681493031188,5,60
4,4,7.49417472785595,5,60
5,5,8.148401763653986,5,60
0,0,9.023819956787746,5,61
1,1,8.640236383158628,5,61
2,2,8.09350342640127,5,61
3,3,8.021522376859869,5,61
4,4,7.532661841971472,5,61
5,5,8.575462334702403,5,61
0,0,9.033693603863576,5,62
1,1,8.094179929234505,5,62
2,2,7.695578351860196,5,62
3,3,7.4510844075005,5,62
4,4,7.518760129295339,5,62
5,5,8.78840891376785,5,62
0,0,9.033693603863576,5,63
1,1,8.167713363783703,5,63
2,2,7.94682318692589,5,63
3,3,8.153768449152016,5,63
4,4,7.480622474426713,5,63
5,5,8.903204995060838,5,63
0,0,9.033693603863576,5,64
1,1,8.46003524570378,5,64
2,2,8.467634144683126,5,64
3,3,8.441496566490265,5,64
4,4,7.9952891583422705,5,64
5,5,8.187282770019937,5,64
0,0,9.033693603863576,5,65
1,1,8.286137118786254,5,65
2,2,7.617955107183892,5,65
3,3,7.558142381533737,5,65
4,4,7.6362250635097935,5,65
5,5,8.48994431254755,5,65
0,0,8.95452901119642,5,66
1,1,8.691104103743937,5,66
2,2,7.818906417641584,5,66
3,3,7.5691602752738385,5,66
4,4,7.23733720793046,5,66
5,5,8.299092177853366,5,66
0,0,9.008977980458177,5,67
1,1,9.081274440277047,5,67
2,2,8.258408017885257,5,67
3,3,7.931067740471157,5,67
4,4,7.270653045373081,5,67
5,5,7.808871152552119,5,67
0,0,8.581050927723414,5,68
1,1,7.7602944480521225,5,68
2,2,7.277267041892859,5,68
3,3,7.227792297393701,5,68
4,4,7.191446594627795,5,68
5,5,8.462330489973553,5,68
0,0,9.033693603863576,5,69
1,1,8.46003524570378,5,69
2,2,8.278383642413937,5,69
3,3,7.362133541352037,5,69
4,4,7.338183146731597,5,69
5,5,8.537297832099341,5,69
0,0,9.033693603863576,5,70
1,1,8.269184226601663,5,70
2,2,7.400419897964367,5,70
3,3,7.161714877732562,5,70
4,4,7.322018697249437,5,70
5,5,7.658295291304983,5,70
0,0,9.033693603863576,5,71
1,1,8.768246687503547,5,71
2,2,8.327569154805552,5,71
3,3,7.6566029017591255,5,71
4,4,7.601432414161469,5,71
5,5,7.999625387714929,5,71
0,0,9.033693603863576,5,72
1,1,8.167713363783703,5,72
2,2,7.530195521978966,5,72
3,3,7.167967665168249,5,72
4,4,7.3093971661451205,5,72
5,5,7.722372472585666,5,72
0,0,9.112764253489983,5,73
1,1,9.211392317151876,5,73
2,2,8.452095707603197,5,73
3,3,7.443465091360816,5,73
4,4,7.235573573931141,5,73
5,5,8.504854601293088,5,73
0,0,9.033693603863576,5,74
1,1,8.262199010003023,5,74
2,2,8.198583441798057,5,74
3,3,7.941763332309057,5,74
4,4,7.888116364954079,5,74
5,5,8.582699493926134,5,74
0,0,9.013628744269944,5,75
1,1,8.318225433233948,5,75
2,2,8.100534663716903,5,75
3,3,8.27971435372546,5,75
4,4,8.115556981803435,5,75
5,5,8.504243853331412,5,75
0,0,9.013628744269944,5,76
1,1,7.8683410310106625,5,76
2,2,7.316635210981636,5,76
3,3,6.923753989493522,5,76
4,4,7.059055271902163,5,76
5,5,7.971683295617862,5,76
0,0,9.033693603863576,5,77
1,1,8.167713363783703,5,77
2,2,7.27267280235273,5,77
3,3,6.618622370034165,5,77
4,4,6.581450800548144,5,77
5,5,8.18664467189749,5,77
0,0,8.768093212287402,5,78
1,1,7.602836137604832,5,78
2,2,7.8054963851585155,5,78
3,3,7.583521077454364,5,78
4,4,7.557295246494846,5,78
5,5,8.299092177853366,5,78
0,0,9.033693603863576,5,79
1,1,8.940441294559648,5,79
2,2,8.842883090576148,5,79
3,3,8.783729278746055,5,79
4,4,8.40397266517273,5,79
5,5,8.263666461903098,5,79
0,0,8.834718855151996,5,80
1,1,8.12670792747451,5,80
2,2,7.649446705730479,5,80
3,3,6.951383459371553,5,80
4,4,7.203617791409983,5,80
5,5,8.299092177853366,5,80
0,0,8.707661785832862,5,81
1,1,8.038017578750587,5,81
2,2,7.6603926677865495,5,81
3,3,7.48704919958791,5,81
4,4,7.553756193355345,5,81
5,5,8.002710962896833,5,81
0,0,9.033693603863576,5,82
1,1,7.757054375597353,5,82
2,2,7.285048839356072,5,82
3,3,7.159237546545017,5,82
4,4,6.77276870079895,5,82
5,5,7.755013518016937,5,82
0,0,9.033693603863576,5,83
1,1,8.777478124760712,5,83
2,2,8.850780734703726,5,83
3,3,8.035389912402714,5,83
4,4,7.626363603745653,5,83
5,5,8.32638676707887,5,83
0,0,9.033693603863576,5,84
1,1,8.46003524570378,5,84
2,2,8.071592785917073,5,84
3,3,7.933152505081097,5,84
4,4,7.470681684559486,5,84
5,5,7.733761112419343,5,84
0,0,9.033693603863576,5,85
1,1,8.872271899287668,5,85
2,2,8.580029861864265,5,85
3,3,7.57379218704115,5,85
4,4,7.035568969586997,5,85
5,5,7.80302951898989,5,85
0,0,8.985750459574147,5,86
1,1,7.887798798024585,5,86
2,2,7.517979889127401,5,86
3,3,7.361514372070765,5,86
4,4,7.201275576722559,5,86
5,5,8.543138078366415,5,86
0,0,9.033693603863576,5,87
1,1,8.87616289614518,5,87
2,2,8.390185064613387,5,87
3,3,7.626015700078117,5,87
4,4,7.885431425586307,5,87
5,5,8.296029516111714,5,87
0,0,8.976828423403067,5,88
1,1,8.79225780581728,5,88
2,2,7.858297759451811,5,88
3,3,6.87980665035488,5,88
4,4,6.923010049415952,5,88
5,5,8.218198241556887,5,88
0,0,9.033693603863576,5,89
1,1,8.73607713588216,5,89
2,2,8.15473111344968,5,89
3,3,7.49753424583001,5,89
4,4,7.283805648756396,5,89
5,5,8.149506276983843,5,89
0,0,8.906329859637253,5,90
1,1,8.298958828738284,5,90
2,2,7.907653315481911,5,90
3,3,7.453583417495547,5,90
4,4,7.333222188334141,5,90
5,5,8.216788205746797,5,90
0,0,9.001881730992766,5,91
1,1,8.946982844998233,5,91
2,2,8.464710886283143,5,91
3,3,7.981753127257387,5,91
4,4,7.785352304988805,5,91
5,5,8.174916910161357,5,91
0,0,9.033693603863576,5,92
1,1,8.790070194188049,5,92
2,2,8.086909968176936,5,92
3,3,7.330858234449035,5,92
4,4,7.296705369262334,5,92
5,5,8.259418386653897,5,92
0,0,9.033693603863576,5,93
1,1,8.73816804049789,5,93
2,2,8.38656560991535,5,93
3,3,7.715165950458747,5,93
4,4,7.876302665302615,5,93
5,5,8.26699335460873,5,93
0,0,9.033693603863576,5,94
1,1,8.805342947292127,5,94
2,2,8.684443994148467,5,94
3,3,7.698512644731695,5,94
4,4,7.729429475432327,5,94
5,5,8.034114074771628,5,94
0,0,9.033693603863576,5,95
1,1,8.777478124760712,5,95
2,2,8.078119644290542,5,95
3,3,8.11567338610834,5,95
4,4,7.248832267937938,5,95
5,5,8.057049381172234,5,95
0,0,9.033693603863576,5,96
1,1,8.803808609214002,5,96
2,2,8.317697919787253,5,96
3,3,8.293706713342063,5,96
4,4,7.847902419911381,5,96
5,5,8.020595092581566,5,96
0,0,8.792670460881585,5,97
1,1,8.275577690596736,5,97
2,2,8.157570623821002,5,97
3,3,7.253396843974293,5,97
4,4,7.385943904223041,5,97
5,5,8.020056920061634,5,97
0,0,9.013628744269944,5,98
1,1,8.637818346434138,5,98
2,2,8.056071873770483,5,98
3,3,7.427663792836255,5,98
4,4,7.010282127930585,5,98
5,5,7.999471075330128,5,98
0,0,9.033693603863576,5,99
1,1,8.790070194188049,5,99
2,2,8.614025746613331,5,99
3,3,8.126810802585755,5,99
4,4,8.110049259575455,5,99
5,5,8.585699885470502,5,99
