,G339D,S371L,S373P,S375F,K417N,N440K,G446S,S477N,T478K,E484A,Q493R,G496S,Q498R,N501Y,Y505H
pos1,0.0,0.0,0.0,0.0,0.0,0.0015150879506003391,0.0,0.0016204137382691288,0.0,0.0,0.0,0.0,0.0,0.001301033392140512,0.0
pos2,0.0006843815460205447,0.0,0.0003914251119298735,0.0007140928004034708,0.0,0.00039564580331660055,0.0,0.0004915890956378704,0.000704450139626642,0.000332057001512321,0.00013669761304528367,0.0,0.00013038468713858463,0.0004558112823787881,0.0
pos3,0.00047658849536326854,0.0,0.0004432656336805728,0.0006359199858257523,0.00021286529737540882,0.00029634161308096814,0.0,0.0003881703046655796,0.0005104383896571644,0.00030753897412165275,0.0002675502229015419,0.0,0.0002633093661375742,0.00047899310506746453,0.000155553693133031
pos4,0.00042826529358608247,0.0,0.0004995463373682596,0.00044205280008892254,0.0002520126095439653,0.00029572424142383386,0.0,0.00025353523442940844,0.000441270274965679,0.0003571556611891964,0.00043644289740848004,0.0,0.0004147177202834414,0.0003779586741263052,0.0002378533365964046
pos5,0.0004204128120312272,0.0,0.0004841321446103522,0.00037697117229072626,0.0002999834080315669,0.00028647092649824557,0.0,0.00029011354478630466,0.0004418243434492837,0.00038205824983864885,0.0003993919885340361,0.0,0.00040275021101388633,0.0003822415372676002,0.00027018474265809987
pos6,0.00039835219780025863,0.0,0.0004465160559170761,0.0003637990629029502,0.00034655903097608446,0.00025770133776247044,0.0,0.0002225123596467659,0.0004087083995716399,0.00045404133062322614,0.00047561323698303183,0.0,0.0004329486851713225,0.000300516873497975,0.00032926651015717745
pos7,0.00037291949132339986,0.0,0.000473576634145486,0.00034592120449828876,0.00038263432860365646,0.0002522621138007077,0.0,0.0002321886183613908,0.0003662187578234505,0.00041239048452079935,0.00045708260185286544,0.0,0.0003948983655207716,0.0003584057324680915,0.0003880367480910714
pos8,0.0003564523553830386,0.0,0.0003732326172368841,0.00035987645510232445,0.00044185429195970613,0.00024285284716934552,0.0,0.00020705544529367296,0.0003514974272469856,0.00041511523240197605,0.00047741306012124266,0.0,0.0004228880382069438,0.0003149076017917928,0.0004733897090960666
pos9,0.00035301734740954694,0.0,0.00034099759679224843,0.00030137065271502664,0.0005373702184222366,0.00021989895761409062,0.0,0.00019911400524989188,0.0003072256967086325,0.0004558556363557147,0.0004640903195769782,0.0,0.0004519223538018061,0.0002424253308595191,0.0005632469655042871
pos10,0.0003279767042539568,0.0,0.00033710747729472686,0.0002962265336519582,0.0006009696721094425,0.0002329208508273496,0.0,0.00019219461674303273,0.0003106843783373504,0.0004335808477023583,0.00043426076714404193,0.0,0.0004238049790575204,0.00022424155141192965,0.0006225667024763118
pos11,0.00031513455799137046,0.0,0.00033074799044239243,0.00030608400772136026,0.0006937161943057435,0.00022619805589189565,0.0,0.0001698240589634674,0.00030387289097188883,0.00045306718545010734,0.00045564542384797177,0.0,0.00047096171771919776,0.0,0.0007112829977045838
pos12,0.0003030342798472845,0.0,0.00031598748159210744,0.00029422040580919835,0.0006685700296821686,0.0002154303830241325,0.0,0.00016982405896346742,0.00029034438265126164,0.00043367447729397804,0.00043234694959450466,0.0,0.00062794895695893,0.0,0.0006851536755929458
