labels,distance,epistasis
"496,501",10.076168060302734,0.7935995220626427
"501,505",5.971085071563721,0.6805101270903792
"498,505",7.349566459655762,0.4808006865773277
"496,498",6.448214054107666,0.4695276355410897
"498,501",5.799447536468506,0.35968868313576563
"417,501",19.9883975982666,0.3226821644587703
"493,501",17.962844848632812,0.318796637741052
"446,484",26.223236083984375,0.2784021790430753
"477,505",36.65751647949219,0.16981694041361514
"477,496",31.353322982788086,0.1574189096109495
"417,477",22.945632934570312,0.13364951101590938
"496,505",9.49345588684082,0.1154702969758752
"446,493",17.004526138305664,0.11046667565669144
"446,501",12.06666374206543,0.10916518765082528
"375,505",14.918901443481445,0.10548633054801587
"339,498",26.458330154418945,0.0
"440,498",9.590069770812988,0.0
"446,505",13.9862699508667,0.0
"446,496",8.29576301574707,0.0
"339,493",29.491966247558594,0.0
"446,478",37.14000701904297,0.0
"446,477",37.841670989990234,0.0
"440,505",9.390335083007812,0.0
"440,496",14.024894714355469,0.0
"477,493",22.367992401123047,0.0
"440,493",22.089550018310547,0.0
"440,484",34.71780014038086,0.0
"440,478",44.28881072998047,0.0
"440,446",13.7769136428833,0.0
"417,505",16.57842254638672,0.0
"339,501",28.401073455810547,0.0
"417,498",20.8131160736084,0.0
"477,478",3.818455696105957,0.0
"339,484",41.00550842285156,0.0
"417,493",11.273600578308105,0.0
"484,501",29.823904037475586,0.0
"339,417",29.21436309814453,0.0
"339,440",19.256399154663086,0.0
"339,446",29.605628967285156,0.0
"493,505",15.929676055908203,0.0
"339,477",48.545719146728516,0.0
"493,498",15.88568115234375,0.0
"493,496",9.610672950744629,0.0
"484,505",28.966909408569336,0.0
"484,498",27.504117965698242,0.0
"477,498",37.33686828613281,0.0
"484,496",21.238378524780273,0.0
"478,505",37.27365493774414,0.0
"478,501",38.46060562133789,0.0
"478,498",37.307247161865234,0.0
"478,496",31.149477005004883,0.0
"478,493",22.21575355529785,0.0
"478,484",11.775927543640137,0.0
"339,478",48.72249221801758,0.0
"417,496",16.653682708740234,0.0
"339,496",26.896635055541992,0.0
"417,484",20.666156768798828,0.0
"371,496",26.495258331298828,0.0
"373,478",48.50849533081055,0.0
"373,477",47.72994613647461,0.0
"373,446",24.11540412902832,0.0
"373,440",10.877242088317871,0.0
"373,417",25.57831382751465,0.0
"373,375",5.769694805145264,0.0
"371,505",18.354589462280273,0.0
"371,501",22.68699073791504,0.0
"371,498",23.79606056213379,0.0
"371,493",31.011871337890625,0.0
"373,493",27.350696563720703,0.0
"371,484",44.204559326171875,0.0
"371,478",51.319854736328125,0.0
"371,477",50.321693420410156,0.0
"371,446",29.38181495666504,0.0
"371,440",16.205652236938477,0.0
"371,417",27.76259994506836,0.0
"371,375",5.098836421966553,0.0
"371,373",5.4188947677612305,0.0
"339,505",23.147472381591797,0.0
"417,478",24.538171768188477,0.0
"373,484",40.65114974975586,0.0
"375,478",47.44451904296875,0.0
"375,477",46.249698638916016,0.0
"339,373",15.246395111083984,0.0
"417,446",24.92611312866211,0.0
"417,440",24.775758743286133,0.0
"375,501",19.402172088623047,0.0
"375,498",21.269149780273438,0.0
"375,496",23.57136344909668,0.0
"375,493",27.593647003173828,0.0
"375,484",40.78947830200195,0.0
"373,496",21.789241790771484,0.0
"339,371",14.712769508361816,0.0
"375,446",27.42742919921875,0.0
"375,440",15.400415420532227,0.0
"375,417",23.438783645629883,0.0
"373,505",13.742695808410645,0.0
"373,501",17.774385452270508,0.0
"373,498",18.58917236328125,0.0
"440,477",44.186065673828125,-0.107693552914561
"440,501",11.466423034667969,-0.11100142467949614
"477,484",13.868233680725098,-0.11583318939266266
"339,375",17.113759994506836,-0.12245065495012195
"484,493",13.347748756408691,-0.19031283394252907
"446,498",6.851452350616455,-0.2670622322027687
"477,501",37.947444915771484,-0.30724930493579383
