,x,y,mut498,mut501,trajectory
0,0,9.033693603863576,3,4,0
1,1,9.033693603863576,3,4,0
2,2,8.934442991944291,3,4,0
3,3,8.158518577985491,3,4,0
4,4,8.600285054888104,3,4,0
5,5,9.48681386627281,3,4,0
6,6,9.478874391830969,3,4,0
7,0,9.033693603863576,5,5,1
8,1,9.033693603863576,5,5,1
9,2,8.46003524570378,5,5,1
10,3,8.108095759245444,5,5,1
11,4,7.871525375907415,5,5,1
12,5,8.422644377648858,5,5,1
13,6,9.478874391830969,5,5,1
14,0,9.033693603863576,4,4,2
15,1,8.084179890377342,4,4,2
16,2,7.598083894495924,4,4,2
17,3,7.285048839356072,4,4,2
18,4,7.232287943085585,4,4,2
19,5,9.024967218698835,4,4,2
20,6,9.478874391830969,4,4,2
21,0,9.033693603863576,1,1,3
22,1,9.033693603863576,1,1,3
23,2,9.617592036487544,1,1,3
24,3,9.625737267878597,1,1,3
25,4,9.442028178659967,1,1,3
26,5,9.372166043438291,1,1,3
27,6,9.478874391830969,1,1,3
28,0,9.033693603863576,0,2,4
29,1,8.808776311301093,0,2,4
30,2,8.749070188904716,0,2,4
31,3,9.716311209468977,0,2,4
32,4,9.539000595944076,0,2,4
33,5,9.526288560643344,0,2,4
34,6,9.478874391830969,0,2,4
35,0,9.033693603863576,5,2,5
36,1,9.033693603863576,5,2,5
37,2,8.820942785967121,5,2,5
38,3,9.160378799886566,5,2,5
39,4,9.028286778424077,5,2,5
40,5,9.117382855108042,5,2,5
41,6,9.478874391830969,5,2,5
42,0,9.033693603863576,0,0,6
43,1,9.396828066874626,0,0,6
44,2,9.441932840962624,0,0,6
45,3,9.412903144782971,0,0,6
46,4,9.397995008531764,0,0,6
47,5,9.336425460338589,0,0,6
48,6,9.478874391830969,0,0,6
49,0,9.033693603863576,1,1,7
50,1,8.938402155536798,1,1,7
51,2,9.648891699190017,1,1,7
52,3,9.38132738449722,1,1,7
53,4,9.843574157774771,1,1,7
54,5,9.581553926489349,1,1,7
55,6,9.478874391830969,1,1,7
56,0,9.033693603863576,1,1,8
57,1,9.033693603863576,1,1,8
58,2,9.44504731023004,1,1,8
59,3,8.885861128017453,1,1,8
60,4,9.026996783525826,1,1,8
61,5,9.22163159880928,1,1,8
62,6,9.478874391830969,1,1,8
63,0,9.033693603863576,0,5,9
64,1,8.7939998076196,0,5,9
65,2,8.690760754125757,0,5,9
66,3,8.38544465169486,0,5,9
67,4,8.36788523562816,0,5,9
68,5,7.871928889251021,0,5,9
69,6,9.478874391830969,0,5,9
70,0,9.033693603863576,3,1,10
71,1,8.91996324294256,3,1,10
72,2,9.18650811249958,3,1,10
73,3,8.239690254067037,3,1,10
74,4,9.096993367770803,3,1,10
75,5,9.434148403170129,3,1,10
76,6,9.478874391830969,3,1,10
77,0,9.033693603863576,0,5,11
78,1,8.98790105524533,0,5,11
79,2,8.855424082870464,0,5,11
80,3,8.484097135897315,0,5,11
81,4,8.314390152315944,0,5,11
82,5,7.881701295627779,0,5,11
83,6,9.478874391830969,0,5,11
84,0,9.033693603863576,4,1,12
85,1,9.033693603863576,4,1,12
86,2,9.1220214479477,4,1,12
87,3,9.21959132318774,4,1,12
88,4,9.1636520592333,4,1,12
89,5,9.488335582569,4,1,12
90,6,9.478874391830969,4,1,12
91,0,9.033693603863576,1,4,13
92,1,8.875364418529266,1,4,13
93,2,8.761828956132517,1,4,13
94,3,8.342857519167637,1,4,13
95,4,8.053692962420541,1,4,13
96,5,9.56397148518173,1,4,13
97,6,9.478874391830969,1,4,13
98,0,9.033693603863576,1,3,14
99,1,9.033693603863576,1,3,14
100,2,9.06587624370786,1,3,14
101,3,8.910098357609465,1,3,14
102,4,9.97377774566152,1,3,14
103,5,9.782272866447562,1,3,14
104,6,9.478874391830969,1,3,14
105,0,9.033693603863576,1,4,15
106,1,9.033693603863576,1,4,15
107,2,8.719286341533953,1,4,15
108,3,8.436367367520878,1,4,15
109,4,8.402707662664207,1,4,15
110,5,9.48681386627281,1,4,15
111,6,9.478874391830969,1,4,15
112,0,9.033693603863576,5,5,16
113,1,9.13063036286846,5,5,16
114,2,8.443694658240364,5,5,16
115,3,8.420744645001504,5,5,16
116,4,7.054687064495416,5,5,16
117,5,7.603380745279114,5,5,16
118,6,9.478874391830969,5,5,16
119,0,9.033693603863576,5,5,17
120,1,9.033693603863576,5,5,17
121,2,8.790070194188049,5,5,17
122,3,7.356463472254134,5,5,17
123,4,7.604895893655051,5,5,17
124,5,7.261184701582983,5,5,17
125,6,9.478874391830969,5,5,17
126,0,9.033693603863576,4,1,18
127,1,8.572325820292283,4,1,18
128,2,9.175628040226592,4,1,18
129,3,9.170338632312644,4,1,18
130,4,8.957876667930664,4,1,18
131,5,9.473030680192984,4,1,18
132,6,9.478874391830969,4,1,18
133,0,9.033693603863576,2,1,19
134,1,8.99356388467631,2,1,19
135,2,9.234508615705192,2,1,19
136,3,9.455068973945108,2,1,19
137,4,9.079092032470877,2,1,19
138,5,9.22163159880928,2,1,19
139,6,9.478874391830969,2,1,19
140,0,9.033693603863576,0,5,20
141,1,8.326836466567372,0,5,20
142,2,7.634587685294569,0,5,20
143,3,8.468891810884925,0,5,20
144,4,8.602658439483225,0,5,20
145,5,8.20747768505464,0,5,20
146,6,9.478874391830969,0,5,20
147,0,9.033693603863576,2,5,21
148,1,8.146446706734475,2,5,21
149,2,8.10002046240432,2,5,21
150,3,7.726303027006845,2,5,21
151,4,7.529491241733765,2,5,21
152,5,8.261445753608141,2,5,21
153,6,9.478874391830969,2,5,21
154,0,9.033693603863576,2,2,22
155,1,9.033693603863576,2,2,22
156,2,8.764886055333376,2,2,22
157,3,9.764391265271902,2,2,22
158,4,9.6183056526084,2,2,22
159,5,9.581553926489349,2,2,22
160,6,9.478874391830969,2,2,22
161,0,9.033693603863576,5,2,23
162,1,8.958231161360226,5,2,23
163,2,8.136223492567227,5,2,23
164,3,9.382305796665628,5,2,23
165,4,9.29177672973498,5,2,23
166,5,9.011487299855608,5,2,23
167,6,9.478874391830969,5,2,23
168,0,9.033693603863576,5,5,24
169,1,9.033693603863576,5,5,24
170,2,8.46003524570378,5,5,24
171,3,7.205386167159953,5,5,24
172,4,7.2479381880059535,5,5,24
173,5,7.17286983023547,5,5,24
174,6,9.478874391830969,5,5,24
175,0,9.033693603863576,5,5,25
176,1,9.033693603863576,5,5,25
177,2,7.676508131795804,5,5,25
178,3,7.944435040542562,5,5,25
179,4,7.451529208132031,5,5,25
180,5,7.333222188334141,5,5,25
181,6,9.478874391830969,5,5,25
182,0,9.033693603863576,3,0,26
183,1,9.307810945343332,3,0,26
184,2,9.226287619446705,3,0,26
185,3,8.825823917731269,3,0,26
186,4,9.052052490509732,3,0,26
187,5,9.48681386627281,3,0,26
188,6,9.478874391830969,3,0,26
189,0,9.033693603863576,3,2,27
190,1,9.033693603863576,3,2,27
191,2,7.908505388893992,3,2,27
192,3,9.022897012081993,3,2,27
193,4,9.41319933357329,3,2,27
194,5,9.581553926489349,3,2,27
195,6,9.478874391830969,3,2,27
196,0,9.033693603863576,1,2,28
197,1,9.113570454819468,1,2,28
198,2,8.416880340971957,1,2,28
199,3,9.29895392397559,1,2,28
200,4,9.613131299575263,1,2,28
201,5,9.48681386627281,1,2,28
202,6,9.478874391830969,1,2,28
203,0,9.033693603863576,1,1,29
204,1,8.91996324294256,1,1,29
205,2,9.522756157370347,1,1,29
206,3,9.629457603090811,1,1,29
207,4,9.491256180862356,1,1,29
208,5,9.449919280018875,1,1,29
209,6,9.478874391830969,1,1,29
210,0,9.033693603863576,5,4,30
211,1,8.209463258086616,5,4,30
212,2,8.380636001770961,5,4,30
213,3,7.808694071126482,5,4,30
214,4,7.257855234944426,5,4,30
215,5,8.626914089005052,5,4,30
216,6,9.478874391830969,5,4,30
217,0,9.033693603863576,5,2,31
218,1,8.146446706734475,5,2,31
219,2,7.575912340115647,5,2,31
220,3,8.75059619408647,5,2,31
221,4,8.746761864169963,5,2,31
222,5,8.649039298506011,5,2,31
223,6,9.478874391830969,5,2,31
224,0,9.033693603863576,0,2,32
225,1,8.779812424982643,0,2,32
226,2,8.187288809528686,0,2,32
227,3,8.988431939406459,0,2,32
228,4,9.523967086908042,0,2,32
229,5,9.48681386627281,0,2,32
230,6,9.478874391830969,0,2,32
231,0,9.033693603863576,5,0,33
232,1,9.36948997967267,5,0,33
233,2,9.362243379475451,5,0,33
234,3,9.04542204125462,5,0,33
235,4,8.85748827451772,5,0,33
236,5,8.612969113520867,5,0,33
237,6,9.478874391830969,5,0,33
238,0,9.033693603863576,2,1,34
239,1,8.439221044213012,2,1,34
240,2,9.220781907321104,2,1,34
241,3,9.796778952469529,2,1,34
242,4,9.568239658678385,2,1,34
243,5,9.46236890181642,2,1,34
244,6,9.478874391830969,2,1,34
245,0,9.033693603863576,0,4,35
246,1,9.12404989046096,0,4,35
247,2,8.81023867588982,0,4,35
248,3,8.327796711001708,0,4,35
249,4,8.858165200060084,0,4,35
250,5,9.517928035459263,0,4,35
251,6,9.478874391830969,0,4,35
252,0,9.033693603863576,5,3,36
253,1,8.99356388467631,5,3,36
254,2,8.764942090429091,5,3,36
255,3,8.30260883711338,5,3,36
256,4,8.85578143242981,5,3,36
257,5,8.986965186381283,5,3,36
258,6,9.478874391830969,5,3,36
259,0,9.033693603863576,2,2,37
260,1,9.033693603863576,2,2,37
261,2,8.874547399255915,2,2,37
262,3,9.595602993545397,2,2,37
263,4,9.6183056526084,2,2,37
264,5,9.517928035459263,2,2,37
265,6,9.478874391830969,2,2,37
266,0,9.033693603863576,2,2,38
267,1,9.033693603863576,2,2,38
268,2,8.790070194188049,2,2,38
269,3,9.543444012826546,2,2,38
270,4,9.41319933357329,2,2,38
271,5,9.22163159880928,2,2,38
272,6,9.478874391830969,2,2,38
273,0,9.033693603863576,1,2,39
274,1,8.938402155536798,1,2,39
275,2,8.686008257262914,1,2,39
276,3,9.486078369345943,1,2,39
277,4,9.312046140001916,1,2,39
278,5,9.3002676868754,1,2,39
279,6,9.478874391830969,1,2,39
280,0,9.033693603863576,1,2,40
281,1,8.12840825158325,1,2,40
282,2,8.335667358889772,1,2,40
283,3,9.352124177273351,1,2,40
284,4,9.460370468888565,1,2,40
285,5,9.581553926489349,1,2,40
286,6,9.478874391830969,1,2,40
287,0,9.033693603863576,4,4,41
288,1,9.033693603863576,4,4,41
289,2,8.790070194188049,4,4,41
290,3,8.108095759245444,4,4,41
291,4,8.545216815535785,4,4,41
292,5,9.48681386627281,4,4,41
293,6,9.478874391830969,4,4,41
294,0,9.033693603863576,0,0,42
295,1,9.536311005640012,0,0,42
296,2,9.522970533561727,0,0,42
297,3,9.816924076465783,0,0,42
298,4,9.624054582872027,0,0,42
299,5,9.553636911850065,0,0,42
300,6,9.478874391830969,0,0,42
301,0,9.033693603863576,3,5,43
302,1,9.033693603863576,3,5,43
303,2,8.43044329165958,3,5,43
304,3,8.21394486337651,3,5,43
305,4,8.446962607107798,3,5,43
306,5,8.106039202337639,3,5,43
307,6,9.478874391830969,3,5,43
308,0,9.033693603863576,1,4,44
309,1,8.91996324294256,1,4,44
310,2,9.02554969507981,1,4,44
311,3,8.454347007951059,1,4,44
312,4,7.866203755709818,1,4,44
313,5,9.393569537180552,1,4,44
314,6,9.478874391830969,1,4,44
315,0,9.033693603863576,0,4,45
316,1,8.38793205153723,0,4,45
317,2,8.676346509269452,0,4,45
318,3,8.30413643624936,0,4,45
319,4,8.446962607107798,0,4,45
320,5,9.22163159880928,0,4,45
321,6,9.478874391830969,0,4,45
322,0,9.033693603863576,1,2,46
323,1,8.91996324294256,1,2,46
324,2,8.443358965525402,1,2,46
325,3,9.42467639642659,1,2,46
326,4,8.746812269812322,1,2,46
327,5,9.051159036343874,1,2,46
328,6,9.478874391830969,1,2,46
329,0,9.033693603863576,0,3,47
330,1,9.093177324939168,0,3,47
331,2,8.70985119713203,0,3,47
332,3,8.65792808957785,0,3,47
333,4,9.545569218728676,0,3,47
334,5,9.476208171342002,0,3,47
335,6,9.478874391830969,0,3,47
336,0,9.033693603863576,1,1,48
337,1,9.061122774912016,1,1,48
338,2,9.0469680168437,1,1,48
339,3,8.712833188262962,1,1,48
340,4,9.48225521264628,1,1,48
341,5,9.48681386627281,1,1,48
342,6,9.478874391830969,1,1,48
343,0,9.033693603863576,3,0,49
344,1,9.24552700729354,3,0,49
345,2,9.419411887767298,3,0,49
346,3,9.326054636123583,3,0,49
347,4,8.721861217813744,3,0,49
348,5,8.910880658482778,3,0,49
349,6,9.478874391830969,3,0,49
350,0,9.033693603863576,0,4,50
351,1,8.811969184896858,0,4,50
352,2,8.466784931379662,0,4,50
353,3,9.08321375607463,0,4,50
354,4,8.629193056532948,0,4,50
355,5,9.581553926489349,0,4,50
356,6,9.478874391830969,0,4,50
357,0,9.033693603863576,3,4,51
358,1,8.99356388467631,3,4,51
359,2,8.495949542472333,3,4,51
360,3,8.683024838140186,3,4,51
361,4,8.979723560023922,3,4,51
362,5,9.48681386627281,3,4,51
363,6,9.478874391830969,3,4,51
364,0,9.033693603863576,4,2,52
365,1,9.061122774912016,4,2,52
366,2,8.360493418548964,4,2,52
367,3,9.28367042805141,4,2,52
368,4,9.388336213755323,4,2,52
369,5,9.22163159880928,4,2,52
370,6,9.478874391830969,4,2,52
371,0,9.033693603863576,5,1,53
372,1,8.93568532372898,5,1,53
373,2,9.492101360812564,5,1,53
374,3,9.384662235814046,5,1,53
375,4,9.063650361943372,5,1,53
376,5,8.707315967392459,5,1,53
377,6,9.478874391830969,5,1,53
378,0,9.033693603863576,2,4,54
379,1,9.198094599082255,2,4,54
380,2,9.014055474111617,2,4,54
381,3,8.095299212137975,2,4,54
382,4,8.024457783708707,2,4,54
383,5,9.45906585311167,2,4,54
384,6,9.478874391830969,2,4,54
385,0,9.033693603863576,0,5,55
386,1,8.775551051065143,0,5,55
387,2,8.520773756381884,0,5,55
388,3,7.90803111523135,0,5,55
389,4,7.221140170590123,0,5,55
390,5,7.936196653175313,0,5,55
391,6,9.478874391830969,0,5,55
392,0,9.033693603863576,4,4,56
393,1,8.96114701549874,4,4,56
394,2,8.795342723731414,4,4,56
395,3,8.53579796693514,4,4,56
396,4,8.164653544335607,4,4,56
397,5,9.22163159880928,4,4,56
398,6,9.478874391830969,4,4,56
399,0,9.033693603863576,1,1,57
400,1,9.061122774912016,1,1,57
401,2,9.872283774228494,1,1,57
402,3,9.617900755103342,1,1,57
403,4,9.41319933357329,1,1,57
404,5,9.581553926489349,1,1,57
405,6,9.478874391830969,1,1,57
406,0,9.033693603863576,0,1,58
407,1,8.951383426816387,0,1,58
408,2,9.64707052158346,0,1,58
409,3,9.94228311092528,0,1,58
410,4,9.85332259417863,0,1,58
411,5,9.742447226871503,0,1,58
412,6,9.478874391830969,0,1,58
413,0,9.033693603863576,2,5,59
414,1,9.033693603863576,2,5,59
415,2,8.46003524570378,2,5,59
416,3,8.770659658428224,2,5,59
417,4,7.952530669855883,2,5,59
418,5,8.299559678105545,2,5,59
419,6,9.478874391830969,2,5,59
420,0,9.033693603863576,3,1,60
421,1,9.033693603863576,3,1,60
422,2,9.100648117427443,3,1,60
423,3,9.312415667272283,3,1,60
424,4,9.48850782340515,3,1,60
425,5,9.449919280018875,3,1,60
426,6,9.478874391830969,3,1,60
427,0,9.033693603863576,1,1,61
428,1,9.044413687119954,1,1,61
429,2,9.620906451773427,1,1,61
430,3,9.878313827421296,1,1,61
431,4,9.704811601909126,1,1,61
432,5,9.764111875286872,1,1,61
433,6,9.478874391830969,1,1,61
434,0,9.033693603863576,0,2,62
435,1,8.833585130265138,0,2,62
436,2,8.28021226295872,0,2,62
437,3,9.454009040818107,0,2,62
438,4,9.514503845435684,0,2,62
439,5,9.517928035459263,0,2,62
440,6,9.478874391830969,0,2,62
441,0,9.033693603863576,4,2,63
442,1,8.96114701549874,4,2,63
443,2,8.999241750551743,4,2,63
444,3,9.5834403073909,4,2,63
445,4,9.51108509617194,4,2,63
446,5,9.68256535776525,4,2,63
447,6,9.478874391830969,4,2,63
448,0,9.033693603863576,5,5,64
449,1,8.223446937428074,5,5,64
450,2,7.834777115703194,5,5,64
451,3,7.913425530332362,5,5,64
452,4,7.179560180139298,5,5,64
453,5,6.781177885513033,5,5,64
454,6,9.478874391830969,5,5,64
455,0,9.033693603863576,1,4,65
456,1,9.033693603863576,1,4,65
457,2,8.88810738008648,1,4,65
458,3,8.708623604818898,1,4,65
459,4,7.555732769455671,1,4,65
460,5,9.432181677968778,1,4,65
461,6,9.478874391830969,1,4,65
462,0,9.033693603863576,2,4,66
463,1,9.033693603863576,2,4,66
464,2,8.46003524570378,2,4,66
465,3,8.447680034992509,2,4,66
466,4,8.225142167680005,2,4,66
467,5,9.48681386627281,2,4,66
468,6,9.478874391830969,2,4,66
469,0,9.033693603863576,5,3,67
470,1,8.875364418529266,5,3,67
471,2,8.994842520014453,5,3,67
472,3,9.094965781723207,5,3,67
473,4,9.263785245110476,5,3,67
474,5,9.16985090498276,5,3,67
475,6,9.478874391830969,5,3,67
476,0,9.033693603863576,2,4,68
477,1,9.033693603863576,2,4,68
478,2,8.360493418548964,2,4,68
479,3,8.57457381485683,2,4,68
480,4,8.783649141541801,2,4,68
481,5,9.755616035908474,2,4,68
482,6,9.478874391830969,2,4,68
483,0,9.033693603863576,0,0,69
484,1,9.58339355173853,0,0,69
485,2,9.48013743949605,0,0,69
486,3,9.527803229997728,0,0,69
487,4,9.515163149922556,0,0,69
488,5,9.572050258153302,0,0,69
489,6,9.478874391830969,0,0,69
490,0,9.033693603863576,4,3,70
491,1,9.066813271835995,4,3,70
492,2,8.720701466971809,4,3,70
493,3,7.379443665717848,4,3,70
494,4,8.73644670409225,4,3,70
495,5,9.325906110501531,4,3,70
496,6,9.478874391830969,4,3,70
497,0,9.033693603863576,2,2,71
498,1,9.033693603863576,2,2,71
499,2,8.167713363783703,2,2,71
500,3,9.282080285024174,2,2,71
501,4,9.29536466279374,2,2,71
502,5,8.981477248156763,2,2,71
503,6,9.478874391830969,2,2,71
504,0,9.033693603863576,3,0,72
505,1,9.317755492589589,3,0,72
506,2,9.422742210529217,3,0,72
507,3,9.45204593512836,3,0,72
508,4,9.456366590007375,3,0,72
509,5,9.517928035459263,3,0,72
510,6,9.478874391830969,3,0,72
511,0,9.033693603863576,2,3,73
512,1,8.96114701549874,2,3,73
513,2,8.706124113999762,2,3,73
514,3,7.736716899990586,2,3,73
515,4,9.51093814304734,2,3,73
516,5,9.606392374917467,2,3,73
517,6,9.478874391830969,2,3,73
518,0,9.033693603863576,2,0,74
519,1,9.360732005604229,2,0,74
520,2,9.419369738590982,2,0,74
521,3,9.715730220841628,2,0,74
522,4,9.59711600536022,2,0,74
523,5,9.488245970561266,2,0,74
524,6,9.478874391830969,2,0,74
525,0,9.033693603863576,0,0,75
526,1,9.614118426508185,0,0,75
527,2,9.347487921861,0,0,75
528,3,9.416477605687346,0,0,75
529,4,9.677067690271809,0,0,75
530,5,9.48681386627281,0,0,75
531,6,9.478874391830969,0,0,75
532,0,9.033693603863576,0,0,76
533,1,9.3769626946168,0,0,76
534,2,9.509044892258334,0,0,76
535,3,9.433820780328794,0,0,76
536,4,9.45314198144127,0,0,76
537,5,9.36833875756976,0,0,76
538,6,9.478874391830969,0,0,76
539,0,9.033693603863576,1,3,77
540,1,9.033693603863576,1,3,77
541,2,8.628012186579875,1,3,77
542,3,8.223615695749055,1,3,77
543,4,9.753800388411491,1,3,77
544,5,9.608806859022067,1,3,77
545,6,9.478874391830969,1,3,77
546,0,9.033693603863576,3,1,78
547,1,9.033693603863576,3,1,78
548,2,9.291703070376096,3,1,78
549,3,8.89373779406862,3,1,78
550,4,9.393145243859095,3,1,78
551,5,9.216747401666296,3,1,78
552,6,9.478874391830969,3,1,78
553,0,9.033693603863576,5,4,79
554,1,8.640493996256348,5,4,79
555,2,8.28902128169315,5,4,79
556,3,7.836866985874086,5,4,79
557,4,7.857164929287985,5,4,79
558,5,8.92335838340709,5,4,79
559,6,9.478874391830969,5,4,79
560,0,9.033693603863576,1,2,80
561,1,9.13063036286846,1,2,80
562,2,8.755777187189148,1,2,80
563,3,9.608326391456982,1,2,80
564,4,9.514503845435684,1,2,80
565,5,9.517928035459263,1,2,80
566,6,9.478874391830969,1,2,80
567,0,9.033693603863576,3,1,81
568,1,9.061122774912016,3,1,81
569,2,9.083344977870006,3,1,81
570,3,9.137148412666432,3,1,81
571,4,9.6183056526084,3,1,81
572,5,9.517928035459263,3,1,81
573,6,9.478874391830969,3,1,81
574,0,9.033693603863576,5,0,82
575,1,9.448311404107768,5,0,82
576,2,9.523037435314889,5,0,82
577,3,9.43781380044385,5,0,82
578,4,9.363854612370544,5,0,82
579,5,8.88995271760461,5,0,82
580,6,9.478874391830969,5,0,82
581,0,9.033693603863576,5,4,83
582,1,9.033693603863576,5,4,83
583,2,8.597826348967692,5,4,83
584,3,8.139670917451992,5,4,83
585,4,7.673235754832359,5,4,83
586,5,8.612969113520867,5,4,83
587,6,9.478874391830969,5,4,83
588,0,9.033693603863576,0,0,84
589,1,9.536311005640012,0,0,84
590,2,9.42158141852217,0,0,84
591,3,9.269353161092363,0,0,84
592,4,9.491256180862356,0,0,84
593,5,9.441280408149703,0,0,84
594,6,9.478874391830969,0,0,84
595,0,9.033693603863576,4,4,85
596,1,8.996720702240301,4,4,85
597,2,8.607079714941856,4,4,85
598,3,8.587517918986299,4,4,85
599,4,6.989085362426475,4,4,85
600,5,9.449919280018875,4,4,85
601,6,9.478874391830969,4,4,85
602,0,9.033693603863576,1,4,86
603,1,8.897624771964729,1,4,86
604,2,8.303283717028043,1,4,86
605,3,7.865543663931952,1,4,86
606,4,7.569671875611864,1,4,86
607,5,9.119510516420467,1,4,86
608,6,9.478874391830969,1,4,86
609,0,9.033693603863576,4,4,87
610,1,8.91996324294256,4,4,87
611,2,8.179132586196554,4,4,87
612,3,7.179290265393309,4,4,87
613,4,7.181253468102796,4,4,87
614,5,9.581553926489349,4,4,87
615,6,9.478874391830969,4,4,87
616,0,9.033693603863576,5,2,88
617,1,9.033693603863576,5,2,88
618,2,8.167713363783703,5,2,88
619,3,9.332450865795945,5,2,88
620,4,8.8127332771318,5,2,88
621,5,8.843378309206521,5,2,88
622,6,9.478874391830969,5,2,88
623,0,9.033693603863576,4,3,89
624,1,9.045392218134,4,3,89
625,2,8.920621400299888,4,3,89
626,3,8.127402514673616,4,3,89
627,4,8.852785888608949,4,3,89
628,5,9.48681386627281,4,3,89
629,6,9.478874391830969,4,3,89
630,0,9.033693603863576,5,3,90
631,1,9.080900826958027,5,3,90
632,2,8.701011920579818,5,3,90
633,3,8.622162163437215,5,3,90
634,4,9.521754238594443,5,3,90
635,5,8.935716939896261,5,3,90
636,6,9.478874391830969,5,3,90
637,0,9.033693603863576,4,5,91
638,1,8.841209681987262,4,5,91
639,2,8.287178868235708,4,5,91
640,3,7.955366541675484,4,5,91
641,4,7.692956579398516,4,5,91
642,5,8.288447147381662,4,5,91
643,6,9.478874391830969,4,5,91
644,0,9.033693603863576,3,4,92
645,1,9.061122774912016,3,4,92
646,2,8.629864956933735,3,4,92
647,3,6.869736371417615,3,4,92
648,4,7.920014760048285,3,4,92
649,5,9.453971781841764,3,4,92
650,6,9.478874391830969,3,4,92
651,0,9.033693603863576,4,2,93
652,1,9.033693603863576,4,2,93
653,2,8.46003524570378,4,2,93
654,3,9.103040921830942,4,2,93
655,4,8.732117515767282,4,2,93
656,5,9.48681386627281,4,2,93
657,6,9.478874391830969,4,2,93
658,0,9.033693603863576,0,2,94
659,1,8.779812424982643,0,2,94
660,2,7.8469825830156354,0,2,94
661,3,9.210176924201017,0,2,94
662,4,9.13111341217399,0,2,94
663,5,9.517928035459263,0,2,94
664,6,9.478874391830969,0,2,94
665,0,9.033693603863576,4,1,95
666,1,9.033693603863576,4,1,95
667,2,9.142522657042509,4,1,95
668,3,9.3209847726824,4,1,95
669,4,9.225160603880468,4,1,95
670,5,9.782272866447562,4,1,95
671,6,9.478874391830969,4,1,95
672,0,9.033693603863576,1,2,96
673,1,9.033693603863576,1,2,96
674,2,8.711837312425232,1,2,96
675,3,9.498436535327446,1,2,96
676,4,9.03527690543744,1,2,96
677,5,9.22163159880928,1,2,96
678,6,9.478874391830969,1,2,96
679,0,9.033693603863576,3,3,97
680,1,8.340192922266317,3,3,97
681,2,7.591291614667926,3,3,97
682,3,7.334187640698961,3,3,97
683,4,9.372427180875578,3,3,97
684,5,9.449919280018875,3,3,97
685,6,9.478874391830969,3,3,97
686,0,9.033693603863576,2,0,98
687,1,9.23862023606107,2,0,98
688,2,9.012988877457923,2,0,98
689,3,8.876170275685203,2,0,98
690,4,9.523967086908042,2,0,98
691,5,9.517928035459263,2,0,98
692,6,9.478874391830969,2,0,98
693,0,9.033693603863576,5,5,99
694,1,8.897624771964729,5,5,99
695,2,8.522044498778014,5,5,99
696,3,8.075293460281765,5,5,99
697,4,7.360716344757034,5,5,99
698,5,7.91004822937654,5,5,99
699,6,9.478874391830969,5,5,99
